candidate_id,lat,lon,zona,cost_sports,cost_health,traffic_score,population_in_isochrone
0,39.471645,-0.339965,429,8.35,7.82,103.27,30386
1,39.472969,-0.341006,416,3.8,7.56,540.27,30386
2,39.451544,-0.336068,973,5.9,2.25,70.65,5186
3,39.453544,-0.336223,973,6.18,5.77,70.65,5186
4,39.479616,-0.330541,653,6.31,6.32,94.11,11019
5,39.439312,-0.319358,976,7.8,2.74,64.63,0
6,39.445343,-0.32384,718,7.65,7.98,339.96,5771
7,39.449215,-0.321515,718,5.14,6.94,339.96,2624
8,39.458429,-0.316803,949,6.16,6.47,214.21,4311
9,39.466693,-0.32394,705,8.72,9.08,203.68,5998
10,39.477026,-0.337127,484,6.43,9.83,735.11,15104
11,39.465125,-0.325363,706,1.06,3.92,181.76,21077
12,39.47308,-0.344842,415,7.21,3.09,667.31,30386
13,39.473818,-0.345172,419,6.27,5.27,516.49,30386
14,39.425016,-0.362468,693,9.27,3.73,60.31,10705
15,39.435857,-0.351005,1156,6.2,5.32,158.95,0
16,39.430459,-0.317475,1212,7.22,1.45,303.73,1763
17,39.443089,-0.372498,1011,6.25,9.38,243.95,8019
18,39.356855,-0.3238,1212,6.66,4.89,303.73,0
19,39.432801,-0.392703,999,2.67,5.67,73.48,12919
20,39.433099,-0.396319,999,2.65,6.44,73.48,7180
21,39.293026,-0.285783,1212,2.77,3.2,303.73,0
22,39.296703,-0.2877,1212,9.42,0.62,303.73,0
23,39.290505,-0.284324,1212,1.86,7.68,303.73,0
24,39.285575,-0.280862,1212,2.6,9.5,303.73,0
25,39.291088,-0.283496,1212,8.57,9.34,303.73,0
26,39.463096,-0.351599,489,7.01,6.03,445.2,29283
27,39.495787,-0.390217,874,8.13,9.57,243.41,25059
28,39.494343,-0.385489,877,6.32,5.8,167.01,30470
29,39.498508,-0.379369,884,5.12,3.43,92.47,19598
30,39.494578,-0.38127,307,2.25,5.75,429.87,31740
31,39.459282,-0.410433,562,1.84,8.36,292.15,18666
32,39.497846,-0.372513,951,4.43,2.86,289.22,22640
33,39.499099,-0.369528,1091,8.43,8.2,280.5,22640
34,39.481185,-0.353397,373,1.98,8.87,695.04,11246
35,39.46946,-0.341054,422,3.28,8.11,150.18,37155
36,39.475733,-0.3402,484,1.47,6.43,735.11,23414
37,39.444512,-0.369911,844,5.29,9.3,2251.75,22599
38,39.448039,-0.384431,839,7.08,8.86,289.75,19784
39,39.453507,-0.368729,534,8.61,1.82,182.34,21307
40,39.470782,-0.326993,670,9.73,3.15,182.79,10809
41,39.490196,-0.367878,948,2.29,3.49,324.49,42986
42,39.457196,-0.377263,118,3.83,0.86,280.82,31596
43,39.46183,-0.379578,119,3.68,8.61,30.01,47694
44,39.457436,-0.379666,548,2.2,4.07,55.6,10289
45,39.458242,-0.408166,562,3.29,3.87,292.15,18666
46,39.448469,-0.375286,539,3.41,5.05,74.79,14830
47,39.451744,-0.376977,541,5.08,7.97,45.89,19641
48,39.461502,-0.381035,136,4.98,3.3,716.54,33948
49,39.457564,-0.380809,133,6.03,6.06,250.34,10289
50,39.450946,-0.40606,866,2.38,7.93,585.16,7789
51,39.452409,-0.405608,568,4.24,6.52,1197.55,7789
52,39.457056,-0.405099,563,7.31,7.58,1523.2,18666
53,39.481589,-0.377687,259,3.91,1.13,1345.57,10892
54,39.474369,-0.361325,389,7.05,7.01,121.86,22930
55,39.472247,-0.364989,375,5.39,4.8,395.52,29283
56,39.469616,-0.362955,61,8.42,8.65,1331.92,16995
57,39.474685,-0.366829,356,7.57,1.41,804.62,15266
58,39.476687,-0.388504,276,9.92,9.86,246.57,24722
59,39.476709,-0.394101,770,3.38,3.6,553.35,10851
60,39.46695,-0.397304,204,8.19,7.64,866.39,35177
61,39.451515,-0.358652,933,5.54,9.63,1007.58,13746
62,39.452872,-0.355344,894,8.31,3.84,438.0,8497
63,39.460524,-0.398814,160,7.17,6.0,706.06,17932
64,39.459446,-0.356657,499,8.52,7.01,331.23,22056
65,39.490166,-0.36244,346,5.03,8.52,253.42,30490
66,39.483328,-0.3556,635,2.06,7.56,46.75,24721
67,39.308497,-0.296912,1212,2.69,4.74,303.73,0
68,39.478994,-0.369756,40,1.66,1.91,1208.72,17786
69,39.444024,-0.323611,976,7.16,3.53,64.63,5771
70,39.447821,-0.308108,710,8.89,3.84,329.0,2999
71,39.284935,-0.280888,1212,3.65,2.76,303.73,0
72,39.44996,-0.362199,931,9.73,4.92,371.06,5228
73,39.44892,-0.365101,1031,0.64,1.71,52.82,5228
74,39.45394,-0.364724,509,8.28,7.8,132.35,31242
75,39.496143,-0.366206,965,0.84,9.5,44.4,22640
76,39.49302,-0.361843,868,9.07,2.22,518.33,9905
77,39.494054,-0.359805,868,0.52,9.65,518.33,9905
78,39.479125,-0.346651,481,7.71,2.79,381.2,17624
79,39.480011,-0.349437,1218,4.85,6.99,1235.23,19556
80,39.478737,-0.349899,401,1.5,6.53,39.8,19556
81,39.35627,-0.323986,1212,9.15,9.7,303.73,0
82,39.359456,-0.319304,1212,8.31,9.28,303.73,0
83,39.487251,-0.381919,1093,4.74,7.98,200.87,12142
84,39.479387,-0.373372,37,2.32,7.14,280.58,31803
85,39.473795,-0.356094,367,3.74,8.81,697.99,27970
86,39.301786,-0.290355,1212,8.85,6.79,303.73,0
87,39.453101,-0.347442,966,5.87,9.91,180.11,3790
88,39.456975,-0.34248,818,6.83,2.11,937.52,14136
89,39.445851,-0.393817,834,1.19,4.62,816.4,9184
90,39.49989,-0.424174,800,9.22,7.05,1703.86,10487
91,39.497072,-0.419868,810,5.46,3.24,75.53,10487
92,39.451212,-0.395806,435,8.69,8.56,230.14,18202
93,39.450408,-0.387141,436,4.69,1.71,341.77,28802
94,39.45695,-0.394732,990,7.81,3.1,255.13,31240
95,39.496459,-0.386176,877,5.12,6.51,167.01,7102
96,39.494364,-0.382677,830,7.21,4.89,672.51,19244
97,39.46049,-0.412917,761,7.78,5.62,12.35,10877
98,39.458991,-0.389839,433,0.72,7.0,398.79,21097
99,39.427807,-0.374768,693,7.83,0.57,60.31,11136
100,39.305473,-0.293164,1212,6.43,7.87,303.73,0
101,39.304988,-0.292437,1212,2.49,5.32,303.73,0
102,39.304242,-0.291872,1212,9.47,3.21,303.73,0
103,39.492339,-0.399486,802,5.36,9.04,57.88,18224
104,39.492318,-0.397925,799,5.22,9.21,410.52,24955
105,39.494904,-0.404096,797,4.76,7.1,55.2,12517
106,39.479866,-0.405905,782,4.31,5.04,439.45,16786
107,39.474568,-0.401973,768,5.52,5.34,787.0,30699
108,39.476221,-0.400648,768,0.81,6.77,787.0,18057
109,39.480191,-0.398546,778,7.35,6.38,45.13,27637
110,39.477979,-0.409387,782,2.83,2.79,439.45,20879
111,39.484386,-0.405243,806,0.74,0.55,479.49,20160
112,39.486094,-0.404854,806,8.99,9.78,479.49,19952
113,39.484435,-0.392782,191,3.13,2.98,788.7,30220
114,39.471442,-0.404009,214,1.25,1.73,1608.5,33436
115,39.498687,-0.374837,827,3.0,8.67,1840.86,12496
116,39.481801,-0.381788,252,6.57,8.39,1123.3,20306
117,39.481324,-0.388472,253,6.72,4.76,716.87,9414
118,39.48547,-0.38778,236,9.05,2.13,266.3,20640
119,39.485847,-0.401448,808,1.9,3.71,696.95,19952
120,39.489634,-0.395894,804,2.15,2.81,441.77,18224
121,39.489477,-0.396547,804,5.46,8.11,441.77,27804
122,39.54413,-0.413048,800,4.58,4.59,1703.86,0
123,39.545968,-0.41327,800,5.38,7.4,1703.86,0
124,39.505974,-0.427318,800,8.78,1.32,1703.86,0
125,39.50146,-0.428379,800,3.9,9.81,1703.86,0
126,39.547969,-0.418722,800,8.71,2.88,1703.86,0
127,39.549242,-0.417707,800,9.04,4.7,1703.86,0
128,39.549604,-0.417551,800,7.46,7.5,1703.86,0
129,39.501054,-0.426131,800,8.38,2.66,1703.86,0
130,39.538991,-0.40951,800,6.48,9.51,1703.86,0
