Zona,z_emb1,z_emb2,z_emb3,z_emb4,z_emb5
1,-1.2818313,0.9079712,-1.3266766,0.7755129,0.41458842
10,-10.837809,-0.32575178,-0.11354571,0.052218005,-0.073866636
100,-4.0887785,-0.22267108,-1.0084559,0.10488596,-0.21010228
1000,3.4373782,-1.0962735,0.016109975,0.11142645,-0.30212003
1001,-12.269199,-0.04010677,0.56823915,-0.22857556,-0.16650614
1002,-9.620311,-0.31199625,1.045803,-0.042679038,-0.03068765
1003,-7.642907,-0.8286171,0.22892688,0.00085915887,-0.26685652
1004,-11.973657,-0.21454701,0.2948276,-0.16765869,-0.0627413
1005,-11.768024,-0.45394427,0.26350954,-0.092814185,-0.08864947
1006,-8.439564,-0.5499573,-0.18719882,-0.28765893,0.0840566
1007,-10.841601,-0.024704061,0.57680476,0.008293277,0.082867794
1008,6.5536504,-2.1562636,-1.5648805,-0.6608756,0.71223426
1009,-5.564268,0.4773163,0.1663232,0.35248724,-0.48120221
101,18.143644,-0.5428092,0.65895694,-0.038762275,-0.6092637
1010,-10.723266,-0.31402388,0.75504047,0.29764718,0.040495675
1011,-5.9955544,-2.2547684,1.1783117,1.6710858,0.42018548
1012,-6.1532474,-0.059969775,-0.045616616,0.66404134,1.281734
1013,-7.4870443,-1.402598,-0.28377932,1.3622471,0.91602397
1014,-8.6117735,-0.93633026,-0.34313715,0.88271236,0.76088756
1015,-3.5436618,1.9257436,0.25967133,-0.33327216,0.2117143
1016,2.2063203,0.25291985,-1.1775143,-0.08310104,1.0237484
1017,-12.419669,-0.037371866,0.3052772,-0.17816807,-0.1453589
1018,-12.268577,-0.18583697,0.36188442,-0.08726739,-0.010114909
1019,-5.7173853,0.7308528,0.18802436,0.07164168,-3.223311
102,-11.264489,-0.15922166,0.10304995,-0.06346163,-0.061121255
1020,-11.717439,-0.26779756,0.14682226,-0.06390596,-0.04373907
1021,-10.889153,0.05744282,0.2260997,-0.040404413,-0.10229654
1022,-11.737076,-0.002971737,0.25982457,-0.15263365,-0.08549929
1023,25.279203,-0.12019424,8.868313,-0.5963833,0.20253073
1024,-8.754295,-1.1281985,-0.12755567,0.11756679,0.040612925
1025,-7.6843557,-1.5667822,-0.5941508,0.609924,0.34399426
1026,-11.406486,-0.15434687,0.49142644,-0.054308422,-0.10881106
1027,-5.323169,-0.12434981,0.51655704,-0.08751733,-0.06486754
1028,-10.2823715,0.34335506,0.36950794,0.257931,-0.13373578
1029,-12.247741,-0.26979685,0.23997672,-0.13095498,-0.16495657
103,-12.027569,-0.10470005,0.22038987,-0.093085095,-0.11931334
1030,-11.372624,-0.3198577,0.2196148,-0.25075972,-0.12226115
1031,-11.740594,-0.43748954,-0.002594415,-0.17616795,-0.22886959
1032,-9.549495,-0.42117578,-0.12941822,-0.29075345,-0.042740785
1033,-12.027063,-0.2914127,0.10033685,-0.1823402,-0.15936525
1034,-8.802517,-0.07086768,0.20104992,-0.00027368113,0.02251976
1035,-12.437121,0.030433828,0.3824696,-0.2200756,-0.122550115
1036,-9.902998,-1.7066156,0.83503073,0.30773583,0.009897135
1037,-9.943607,-0.46827152,0.8596227,-0.20993075,-0.29952678
1038,-9.67101,-0.2037105,0.10680924,-0.23950171,0.013368331
1039,9.154369,-2.6380126,1.704268,1.1397146,-0.24305654
104,0.67361504,-0.0715792,-1.1654918,0.9029742,-0.60861945
1040,10.017677,1.0028653,1.2082942,-0.38583496,0.649087
1041,-8.138579,-0.66727614,0.2091313,0.028995791,-0.33678466
1042,-8.832067,-0.10084598,-0.10870102,-0.086360715,0.038077638
1043,26.102919,1.850067,-4.3053694,0.04944091,1.7293996
1045,-0.7422703,3.6728444,-1.0663148,-0.4909475,-0.95360464
1046,-10.086867,0.31088534,0.4870043,0.37596828,-0.1602153
1047,7.180204,-1.4752812,-1.9838159,0.7076468,-0.7821624
1048,5.766903,1.9808137,0.0501838,0.41077358,-0.7577169
1049,37.81308,-7.0080843,1.0745251,-0.91142344,-0.48976514
105,9.637535,2.2688105,-1.1581761,-0.78429604,-0.27196974
1050,29.398104,-0.84066445,-3.5279675,0.865318,0.41287455
1051,-8.904334,0.258202,-0.09002321,-0.11781283,0.031958044
1052,3.3735137,-2.199737,-0.6530482,0.65337443,0.05849626
1053,-11.389362,0.068948634,0.092029445,-0.18369183,0.01632285
1054,-10.426481,-0.4008008,0.21282983,-0.14952448,-0.040893476
1055,-9.481297,1.2019571,0.15302922,-0.22708896,-0.04593058
1056,2.1059694,5.814953,2.6088846,0.11509738,0.429853
1057,-11.109526,-0.08282781,0.6047917,0.14779776,-0.092904836
1058,18.916672,2.7519991,2.089698,-1.5063773,3.237635
1059,-9.657763,0.7186778,0.05937631,0.016289594,-0.08751044
106,8.032687,2.2285986,-0.86910033,-0.73100144,-0.11431732
1060,-7.678503,-0.028478825,-0.24077095,-0.47367197,-0.23496385
1061,4.437931,-2.692831,-0.50919527,0.9315923,0.3895876
1062,-11.159159,0.22379732,0.017647231,-0.30641973,-0.075158976
1063,-7.9672737,-1.1170938,-0.27173066,0.2998169,-0.08379958
1064,15.472514,0.3364946,-3.4039361,-0.7892009,0.3969102
1065,2.2315235,-2.374549,0.83054495,-0.1556154,0.2325176
1066,-6.3642797,0.88169324,-0.3335566,-0.5070317,-0.33987138
1067,8.33298,0.5498114,2.4763007,-1.0666846,1.2441907
107,7.6233783,2.1971312,-0.5123818,-0.5657215,-0.32312837
1070,2.4838705,-1.7360075,-0.94656545,-0.046254855,-0.28258562
1071,12.740124,0.38939947,1.8909094,0.10158268,0.12288905
1072,-5.2558155,-0.26934615,0.6308413,0.08766232,0.4779772
1073,-11.303883,-0.06626929,0.19833687,-0.17700788,-0.06991082
1074,21.546774,3.7582388,-1.4318722,-0.10379659,-0.017371565
1075,29.720537,-7.61906,0.638941,-0.29683352,-0.4938668
1076,-7.72217,-0.037609622,0.38314804,0.18039984,0.05809607
1077,-8.893455,-0.15180795,0.9457068,-0.09397439,-0.25475833
108,9.208155,2.244761,-0.52127326,-0.75654334,-0.24018334
1080,-6.4690084,0.41215757,-0.21612734,-0.3858737,0.15731117
1082,25.363482,-1.429578,0.17622742,-3.3941395,0.38511378
1083,20.889982,0.009680004,-4.709191,-2.2823124,0.16903298
1084,-5.9046555,-0.8032562,1.4175689,-0.30590728,0.20797211
1085,25.33206,-6.6898394,1.7697295,0.016884713,-0.48526487
1086,-12.932408,-0.123468794,0.3920257,-0.16503422,-0.14409737
1087,14.546937,-3.452272,-1.4974315,0.22394425,0.6499059
1088,3.6096277,2.0206792,-0.8598667,-0.7708002,-0.21105754
1089,-1.0634552,-0.4916836,-0.9977585,-0.71964735,-0.5681547
109,16.266823,1.0905287,0.49003342,-0.72840065,-0.8792835
1090,34.33571,-0.38445857,1.5105972,-2.3453627,-0.7409355
1091,-3.9987485,-0.25355005,0.1709844,-0.19796741,-0.1844454
1092,-8.430182,-0.5359177,0.30599895,-0.013531553,-0.30133387
1093,-6.440743,0.61607033,-0.14737651,-0.18378031,-0.05611429
1094,39.91049,-2.3336143,4.6693535,-0.6772987,0.21967266
1095,5.992914,-2.6728632,-1.1736388,0.9745896,1.0841521
1096,14.657524,20.727762,12.7543745,10.409535,-8.971238
1097,24.532001,3.8761547,2.5577803,-0.8890098,-0.5082005
1098,18.837189,1.2768815,-2.9743059,-0.6586921,-0.12333746
1099,20.415234,-6.77456,1.3119243,0.063622884,-0.518996
11,-5.133927,1.6723814,-0.017669715,0.5046804,0.5155308
110,-11.073112,0.026607392,0.02574221,-0.1321018,-0.11521002
1100,-1.4032354,0.16610624,-0.177661,0.5357013,-0.052302863
1101,41.85669,-1.7646842,5.9148493,-5.0123982,-0.29242796
1102,18.164644,1.6623763,-2.92697,-0.54415774,-1.210974
1103,-11.295747,-0.20023263,0.16772465,-0.057652898,-0.23691942
1104,-4.8628364,0.72713655,-1.0418583,-0.33323237,0.26520243
1106,5.1731086,2.2599766,-0.9074867,0.6343984,-0.9957924
1107,-4.237546,-1.6465225,0.13589399,0.6198766,-0.6053458
1108,-6.742197,-0.48076203,0.9946197,-0.75160456,0.25617737
1109,-2.7950718,2.4918003,-0.3814429,-0.33439416,-0.61510056
111,15.933473,-2.9687047,-0.74010324,1.1893348,-1.225725
1110,-11.217701,0.30010423,0.20517007,-0.056874484,0.027153252
1111,9.01278,-2.6581426,2.5908937,-0.33497417,0.20440346
1112,-11.613384,-0.20089275,0.19572438,-0.12353717,-0.07758299
1113,32.664097,-6.55075,1.7323785,-0.5840414,-0.45851272
1114,-6.1720657,-0.01981863,-0.02172166,-0.07201602,0.55496925
1115,24.336407,-0.87769794,1.5102872,1.2484555,2.027586
1116,-1.2512671,-2.1937866,-0.86484605,0.3780278,0.18822262
1117,-10.383866,-0.561017,0.31481764,0.039203573,-0.060928993
1118,-11.241224,0.29768243,0.5619788,0.06257264,0.042525217
1119,10.852906,-0.5796558,1.6608822,-1.203969,1.1958545
112,-5.068158,0.29769018,-0.78098106,-0.13890748,-0.20447163
1120,5.7201886,-2.2565327,0.3732121,-0.29583782,0.5623475
1121,8.69143,3.1120012,-0.97129345,0.28394464,0.3495581
1122,5.244302,-0.13614398,5.320863,-1.1584158,-0.8311004
1123,8.344014,-0.2986633,-1.6711868,-0.0956686,1.2096786
1124,17.733183,-2.9406908,-1.3411896,1.0590059,-1.1260008
1125,-5.614943,-1.0193796,-0.4625417,0.18810898,-0.02263905
1126,0.097351685,0.022245284,0.6439744,-1.545659,-0.20585288
1128,-5.2732496,-1.1677973,0.22137165,0.25043586,0.23309994
1129,-12.626787,-0.19412802,0.42259967,-0.1214067,-0.10341419
113,-5.852664,0.15011199,-0.36098656,-0.092732415,-0.1598338
1130,-8.121035,-0.33118778,0.56049556,0.0007159006,-0.20120773
1131,-12.204304,0.16988924,0.50624716,-0.08855565,-0.010583348
1132,-8.700229,-0.37670904,-0.15981202,-0.09750141,-0.19454744
1133,-11.237704,-0.5886367,0.026285551,0.15201493,-0.22231705
1134,6.471245,1.731383,-1.4170014,-0.89263976,-0.1509099
1135,-5.875701,-0.90523505,-0.5412878,0.22975296,0.17973979
1136,-3.832154,-0.30382273,-1.2780268,-0.69467753,0.03800715
1137,-5.16864,-0.50510395,-0.8021906,-0.09849498,0.4172341
1138,3.578189,1.9937639,0.035887267,-0.35818958,1.8681234
1139,-12.518476,-0.0023574047,0.462311,-0.14206971,-0.10557489
114,18.221481,0.39206883,1.6591653,-0.15478179,-0.5020187
1140,-7.7593136,-0.71729875,0.051024765,-0.5051129,0.15709257
1141,2.5173202,0.4324276,2.189758,-0.85644025,0.51181483
1142,-1.0862207,1.0501087,-0.6011471,0.32889715,-0.69880176
1143,4.5043225,2.356054,-1.0538362,-0.9042549,-0.21980375
1144,13.4966545,1.8159779,0.22612709,0.44712564,-0.7997224
1145,14.620678,1.2001132,4.3755903,-0.3749641,0.8622122
1146,-11.889729,0.12157651,0.57189703,-0.24550773,-0.078954905
1147,-11.346562,-0.30542594,0.15572612,-0.24769029,-0.07147609
1148,-11.018581,-0.29295394,0.22577211,-0.06715709,0.084340006
1149,13.393315,-1.7646047,0.40140876,1.7537252,-1.4882741
115,14.193816,-0.7509491,1.1096847,0.042176757,-0.5109921
1150,17.075563,-3.5564675,1.645958,0.09145536,-0.5957554
1151,18.61828,-4.435298,1.5691892,-0.09068209,-0.31204364
1152,-9.864636,-0.15521394,0.15611921,-0.16720879,-0.19455212
1153,0.6989274,-1.8074956,-1.5461962,-0.11677624,-0.0399622
1154,-6.6201015,1.1814549,0.9803644,-0.22110313,0.33376577
1155,-3.2662864,-1.88215,-0.43733653,-0.016055513,0.34774867
1156,-8.155234,-0.5574123,0.1953445,0.43378434,-0.4734788
1158,9.352693,-1.4410328,0.6159767,-0.15765063,0.44130495
1159,-6.2695813,0.13813965,0.60378444,-0.85340214,-0.29582152
116,-2.3670778,1.3949928,-0.35334486,-0.7802811,-0.60754174
1160,-3.8479333,-1.6183937,0.16403386,0.51027346,-0.57119584
1161,-5.2759795,-0.96663725,-0.19246215,0.013305986,-0.33582252
1162,44.638885,-8.529187,-0.43470564,-1.3510845,0.5138962
1163,-0.8040535,0.43490362,-1.0094947,0.4176544,-0.70426184
1164,13.787167,-0.275936,-0.98114985,-0.25372782,-0.15625107
1165,-0.18239164,2.246203,-0.7090277,0.05227494,-0.8261042
1166,-0.4666715,-0.07073156,1.1860441,-0.8944971,-0.0010860895
1167,27.052029,-3.5736928,-2.0808601,-0.10300336,0.6103738
1168,-8.228476,-0.79801255,0.56949836,-0.14850491,0.006881951
1169,-3.0710294,1.8890167,0.13398652,-0.44429243,0.31841603
117,-1.8860028,-0.12977718,-0.85908836,0.76896966,-0.43927798
1170,-10.657475,-0.2712939,0.17474188,-0.26674786,-0.005650909
1171,-10.902601,-0.25526324,0.28539625,-0.009216092,0.11469648
1172,-3.259663,-0.15558405,-0.6719277,0.1406918,-0.52830917
1173,-8.198715,0.03155523,0.10918242,-0.084373854,0.22194904
1174,-10.761488,-0.1985919,-0.024298565,-0.2672827,-0.011035026
1175,-0.008110548,-1.811503,0.9128947,0.438758,-0.05807536
1176,-10.326188,-0.21186455,0.7947,-0.26076084,-0.20322867
1177,-0.7369148,-0.38570517,-1.1106687,-0.7816619,0.1331225
1178,-1.7450563,1.7360617,-0.18209109,-0.2670865,0.3361315
1179,-9.073718,0.21663252,-0.22981478,-0.32892466,-0.17436256
118,-4.260563,-0.2086821,-0.43135178,0.6381211,-0.3523747
1180,-9.512311,-0.1987833,-0.107807525,-0.28921312,0.067544885
1181,0.58173466,-0.80599946,2.314408,-0.92846453,-0.38828757
1182,-8.321234,-0.09849684,-0.13970262,-0.04933031,-0.09385679
1183,-7.248935,-0.93015426,-0.2464103,0.3570032,0.12512065
1184,-13.0222645,-0.08907291,0.38827223,-0.16747941,-0.14279915
1185,-8.157193,-0.14716397,0.17719057,-0.07672733,-0.11444312
1186,0.95489323,-1.5789756,-2.2724597,-0.26577,1.0272418
1187,0.12701422,-2.7644367,-0.009655821,0.091936484,-0.16533084
1188,24.740145,2.9294302,-2.52968,-0.15659286,-0.3735635
1189,-6.0069437,-2.2416234,0.30968595,0.19310522,0.024366261
119,-12.23408,0.042192735,0.25380912,-0.17887685,-0.19008909
1190,21.67349,0.10029504,-0.73644346,-0.019101148,-1.2198989
1191,8.640484,-1.1595279,-1.044968,0.06103839,0.07235155
1192,19.113777,2.1849072,-3.033575,-2.332744,3.126219
1193,24.113504,-3.0303187,-0.19871068,1.621316,1.2401257
1194,46.17693,-9.000941,-1.4015507,2.424669,-2.1350524
1195,-9.1088085,0.5398492,0.105173744,0.12415483,-0.084987305
12,-1.8944286,0.029460872,-0.95709217,0.9966428,0.3144473
120,-10.519722,0.55003685,-0.017941851,-0.18911791,-0.18250881
121,23.32725,-0.062216364,0.9251155,0.29994082,-0.7228703
1211,-1.5433626,-0.8032629,-1.559349,-0.122455075,0.29685944
1212,-4.16535,-1.648008,-0.7676906,0.69951105,-0.7835804
1214,-12.132116,-0.11485902,0.3283229,-0.035793737,-0.22947055
1216,-5.982914,-1.9289087,0.56587076,0.24778643,-0.22723171
1217,1.0943,-2.115313,-0.22847907,0.38178208,0.19482137
1218,30.856947,7.742796,-0.6297915,-5.192913,0.26275718
1219,-3.9058344,0.1577725,-0.0085583115,-0.48570552,-0.15768886
122,9.346195,-0.23780735,2.2172983,0.49088305,-0.95301366
1220,-7.865466,0.95388985,0.29967722,0.27031237,-0.30148023
124,32.8375,3.079944,-0.24250811,0.2922262,-0.4665853
126,9.539542,2.350666,-1.7364712,-0.32091808,-0.25411493
127,21.98188,-1.1070453,-0.27248025,0.54595506,0.23756209
129,26.179903,3.2341082,-2.348081,0.7440816,-1.5122926
13,-5.3245497,2.448619,-0.21865176,0.11003188,0.43018475
130,11.253358,0.79177773,0.0004501988,0.4415718,-1.0892566
131,-3.1330018,0.94160366,0.31203505,-0.0016760081,-0.0027751871
132,19.61775,2.5269182,2.68906,1.8385742,5.1634145
133,-4.352423,1.3299224,0.341426,-0.050586056,0.018051477
134,24.78301,1.8125465,-0.007431217,0.30657202,-0.23893109
135,27.595476,1.7361059,-0.4310038,0.3517881,-0.16713327
136,10.864273,0.601088,-0.09703529,0.83089405,-1.1490259
139,-6.3722286,0.01761958,-0.08811452,-0.19766252,0.09227792
14,-8.354251,0.11187885,0.06884238,0.38602376,-0.046545375
141,-0.5849884,0.031416904,-0.49336636,-0.0023537844,0.9912376
142,-0.3733091,-2.1061697,-0.5146004,0.52771175,0.18159497
143,-9.31422,-0.2032887,0.59642243,-0.09180097,-0.17727537
144,-9.627508,-0.63786787,-0.3066534,-0.03918799,-0.01599426
145,-10.052877,-0.35797608,0.31791446,-0.06934074,-0.14492711
146,-9.241152,-0.7946003,0.23142454,0.14697875,0.011246368
147,-10.8722925,-0.35195732,0.44675186,-0.027905924,-0.03749818
148,2.61009,11.333502,8.227923,3.1146715,1.9245399
149,-7.978623,-0.19220349,-0.053033777,0.11374135,0.26473495
15,-5.5690017,2.1464689,0.2885115,0.7210288,0.43797258
150,-9.825047,-0.51221555,0.17281877,-0.009760465,0.060384706
151,-4.6138935,-0.2901995,0.27954188,0.30210236,-0.20502278
152,-11.486473,-0.13104391,0.11954786,-0.16171512,-0.022326274
153,-9.995397,-0.3339246,0.26030856,-0.17073447,-0.009341976
154,4.0340285,-0.5146525,-0.9039853,-0.13323687,0.8633758
155,-10.740415,-0.1095652,0.015893709,-0.22128533,-0.04915578
156,0.016159857,-2.3792934,-0.7171652,0.56296754,0.16393933
157,-10.99954,-0.40781,0.18573485,-0.06963798,-0.07935259
158,-12.360272,-0.15749036,0.35100442,-0.089212425,-0.067463115
159,4.9499245,-0.47745928,0.16610096,-0.11317538,0.49930915
16,-12.658404,0.03580976,0.43663558,-0.06410628,-0.0805616
160,8.620471,-2.2293217,-1.0893786,0.8516469,0.12823999
161,8.393201,-0.8262442,1.0692691,-0.08547702,0.29348183
162,8.768967,-2.2197957,-1.148306,0.89572185,0.18463062
163,10.452629,-1.2742814,1.1515273,-0.08637455,0.6461541
164,-8.347872,0.16413906,0.21710868,0.022333257,0.16788661
165,-8.732912,-0.5136821,0.27521935,0.017965725,0.16334565
166,-7.249694,-0.2425647,-0.11053777,0.31663972,0.46578726
167,-10.72836,-0.3497464,0.19461218,-0.10283346,-0.02996823
168,-6.1455894,-0.4682149,0.37851354,0.20909584,0.18357469
169,-5.5743623,-0.6806275,-0.46186525,0.19743158,0.3076073
17,-0.96237504,2.5251417,0.06437815,1.2510657,0.5016814
170,-6.161726,-0.5608091,0.56399626,0.19388592,0.14064074
171,-3.7248676,-0.42850935,-0.7717067,0.07158945,0.40182787
172,-11.909211,-0.26661736,0.32829994,-0.10099426,-0.088406675
173,-1.7010423,-0.5188064,-0.35059735,0.21256296,0.31089845
174,-4.182867,0.25658613,-0.07761649,-0.36076152,0.18253042
175,6.289262,-1.7469975,-1.0729349,0.7254414,0.61497265
178,-3.3448179,0.10047662,0.22941521,0.19637589,0.19055098
18,-4.276202,0.6695556,-0.63521856,0.34431633,0.07200879
180,34.447243,1.2154835,0.39693913,2.4301827,0.82547694
181,-4.4038606,-0.16081627,-0.17390867,0.23854704,0.13816002
182,30.44329,9.394478,0.50196934,0.29875806,1.6983069
183,24.618624,5.3302193,-0.6133088,-0.14814304,1.441016
184,13.657169,1.6835645,0.6932352,1.327192,-0.09098725
185,6.38303,-2.0695114,-0.23949969,0.08479209,0.083175465
186,17.481361,-2.2961931,-1.9589117,0.3676487,0.08126576
187,-0.45595565,0.05374272,-0.33195496,0.5622758,-0.05930811
188,-7.7861586,-0.29070655,-0.1658536,0.06826607,0.038624696
189,-4.61536,-0.26965657,0.21259017,0.5390322,-0.2506565
19,-4.796122,0.5305162,-0.22115101,0.8990138,0.09759161
190,4.581747,-0.04620007,-1.5066084,0.24243017,0.9927838
191,11.134199,-2.8099802,-1.0224594,0.2504196,0.001791741
192,-7.675555,0.1137191,0.23303914,-0.07065841,-0.43397093
193,12.671575,3.0237656,1.9996563,1.8530097,1.5734164
194,14.681658,1.9356097,1.162518,1.623211,0.13261698
195,-2.9589067,0.04186357,-0.83204097,0.15853034,0.20887502
196,6.6272182,0.90056115,-1.6656111,0.034188885,1.2069374
197,14.912374,-1.7054523,-1.610727,0.1846037,-0.042434886
198,-6.1551876,-0.44179237,-0.41637638,0.41039672,0.017412743
199,-4.5354295,-0.44211045,-0.45101616,0.5515447,0.12421695
2,23.337944,4.3609233,-3.756533,-0.5100818,0.88552165
20,-11.2808075,0.31669316,0.21787146,-0.04618799,-0.08112373
200,-8.392328,0.519808,0.31890103,0.13435245,0.1261263
201,-8.620698,-0.19326468,-0.18367505,-0.00029703096,-0.023320373
202,-10.974358,-0.4113568,0.11427519,0.03156297,0.0632851
203,3.4212291,-1.6087861,0.7680738,-0.20981573,0.3176839
204,17.639164,4.022506,2.8826597,-0.007342521,0.35639358
205,-10.296231,-0.3246102,0.21149197,-0.14883405,0.036156584
206,-12.34033,0.22900636,0.41036612,-0.15484902,-0.08566573
207,9.453784,-2.0337477,-0.38628253,0.44147447,0.7317824
208,1.5071743,-0.34591725,1.4349585,0.82964164,2.587489
209,-10.661804,-0.016509917,-0.044565964,-0.2169952,-0.074229494
21,7.4273095,5.039966,-0.99932295,0.3491693,0.8520895
210,47.809383,-3.020463,1.9138821,1.6749351,1.858498
211,-10.502096,-0.2139752,0.3349517,-0.122450605,-0.09596182
212,50.101025,-1.4284403,11.391449,-1.3579907,0.30703008
213,47.897537,-1.3140538,7.748924,-0.3321664,0.59064716
214,36.918026,-6.058499,-0.26881346,1.7118895,1.6355087
215,-2.9576209,-1.1696231,0.40599716,0.1849903,-0.68438107
216,-10.763007,-0.13542512,0.023496589,-0.12958992,-0.0019028792
217,-3.2852352,-0.93183744,0.29087588,0.5565751,-0.05431069
218,11.213317,-4.847876,-0.48923936,1.4316176,0.08860286
219,-9.95128,-0.26032156,0.1847947,-0.10586155,-0.032451402
22,17.423042,7.5172663,-2.4239523,0.68809724,1.4967713
220,-7.5065994,0.14246593,0.040876932,-0.043060783,0.2829094
221,-10.426481,-0.4008008,0.21282983,-0.14952448,-0.040893476
222,12.953116,2.3928533,4.3666844,-0.4856299,-0.16533944
223,3.7466035,-0.24289802,0.50686693,0.46794543,0.33276415
224,20.222816,1.2849576,1.0936027,1.5601281,0.8023918
225,18.559729,2.0272367,1.0073934,1.4235785,0.75482917
226,18.107111,4.427486,2.656788,0.11052956,0.35726464
227,4.545991,-1.7729517,0.90299785,-0.17447272,0.3246742
228,16.863983,3.2195158,3.7606587,0.09200579,0.22474866
229,-7.8726335,-0.46835694,0.09064201,-0.11500537,0.082749546
23,5.695836,3.847103,-1.3409318,0.46323645,1.520522
230,21.617273,-0.33903986,2.6956763,1.5919385,1.1606109
231,25.98733,-1.9690654,-2.8918455,1.6403179,-1.4318975
232,10.773259,-0.54636145,-1.1049519,1.0196493,-0.21185705
233,-7.8101196,0.463901,0.007290621,-0.13880023,0.004436292
234,-8.204612,-0.21997574,0.59927195,-0.020429775,-0.18063876
235,-3.1706285,-1.0267167,1.07879,0.16323188,-0.2994564
236,-4.883751,-0.7066835,0.07616667,0.43837956,0.05244809
237,-2.7054684,0.496131,-0.50712556,-0.15732425,0.116534404
238,-3.3826387,0.6821834,-0.6731944,-0.12340092,0.34951147
239,-0.5655039,0.5744285,0.87191635,0.13838394,-0.22377414
24,-1.3732249,2.0084696,-0.5842332,0.49688363,0.769256
240,2.6214159,1.2192168,-1.6714432,0.1802642,0.4867946
241,27.307014,1.761335,-4.9947133,-2.106107,0.46132928
242,13.467206,3.1840718,-0.5824594,0.6242822,1.0278331
243,-1.7504741,1.7219629,1.3081766,0.6838484,0.02711847
244,-8.998163,0.15082204,-0.23193713,-0.36816654,-0.039969116
245,37.087467,1.4734372,-1.2005348,-0.75739247,0.49160802
246,-2.4671478,0.53311634,-0.5703311,-0.1236993,0.34149146
247,-2.7555153,0.4274,-0.4119987,-0.2009268,0.3153309
249,-1.565969,1.1361178,0.6884779,0.06499798,-0.13474633
25,-1.4136057,1.9192512,-0.5920377,0.40024558,0.53520465
250,-12.273578,-0.052284073,0.3466845,-0.1103047,-0.12926614
251,-7.8787975,-0.123801686,0.21149561,0.18232144,-0.10440341
252,23.683731,-0.105757646,0.06837711,-1.0746039,0.076462924
253,10.847006,-0.09953874,2.6022031,-0.7522259,0.13208935
254,-8.510625,-0.34765393,-0.37802956,-0.027333612,-0.11214403
255,-9.512728,-0.27795044,0.33567518,-0.0070773447,-0.23319593
256,-8.22622,-0.13849781,-0.21517567,-0.016379267,-0.14801835
257,-8.431476,0.12403374,-0.18115608,-0.34094867,-0.009800177
258,36.742493,4.4481773,0.14805847,-1.5853517,0.9071846
259,30.91664,1.3431852,-2.7598765,-1.1229728,0.85167885
26,-6.9635167,1.2929399,0.29003066,0.50432986,0.47099173
260,2.2604418,0.19778605,1.442293,0.48228368,-0.3248591
261,-11.400353,0.07873053,0.09539713,-0.3146057,-0.06445282
262,27.036455,1.5805968,-2.3988585,-1.3343344,0.6346539
263,-6.956414,1.1690433,-0.38729572,-0.3352307,-0.2035783
264,-9.42208,-0.07344975,0.4726973,0.1919074,-0.23235789
265,-12.453895,-0.13480625,0.35725358,-0.09486488,-0.10930591
266,-11.844215,-0.35065523,0.23851696,-0.016790895,-0.119080745
267,-11.320005,-0.1660078,0.14637545,-0.108827785,-0.07279069
268,-11.067939,-0.075015545,0.27393892,-0.08224597,-0.035981484
269,-12.629383,-0.15441625,0.4405113,-0.079707205,-0.13488217
27,-10.604107,-0.19079266,-0.00798753,0.18619592,-0.21407144
270,-11.972794,-0.020424286,0.20985952,-0.1862787,-0.07428605
271,-9.636568,-0.06744283,0.11249383,-0.16130269,-0.24392673
272,-11.187397,-0.17740655,0.15034404,-0.19194143,-0.08983584
273,-9.695923,-0.049840536,-0.17907651,-0.20488542,0.0026564898
274,-10.6275215,-0.12107394,0.112823196,-0.09495159,-0.04733871
275,-3.465803,-0.47088888,0.14548701,0.00838695,-0.41684106
276,-4.9983764,0.07040309,0.53438824,-0.02644525,-0.3575822
277,-3.7002087,0.16496763,0.4381568,-0.11631596,-0.30904734
278,-12.734117,-0.014682631,0.38500956,-0.15955825,-0.12791255
279,-12.0769415,-0.12151922,0.2504847,-0.17311019,-0.077789724
28,-1.3903776,1.0771302,-1.7988228,0.003514804,0.21547593
280,-12.285936,-0.03149681,0.36496145,-0.13470756,-0.16635399
281,-11.8992,-0.07630272,0.3064814,-0.14575116,-0.15517303
282,-12.617052,-0.019240474,0.37445173,-0.13489047,-0.10410514
283,-12.311984,-0.07809247,0.2687778,-0.1197408,-0.14792408
284,-12.170839,-0.055081256,0.28930986,-0.14537214,-0.114331216
285,-12.502545,-0.0007156003,0.37051278,-0.15516354,-0.1325518
286,-12.531449,-0.02414394,0.3249057,-0.16613233,-0.08057121
287,-12.064677,-0.12782286,0.39386672,-0.14457989,-0.13486435
288,-11.924592,-0.18966742,0.3603188,-0.07838779,-0.13251112
289,-13.055944,-0.067328185,0.38630444,-0.18396865,-0.1507331
29,-4.8823833,-0.10660689,-0.7460855,-0.24729675,-0.23112266
290,-11.278864,-0.24137256,0.17331319,-0.09708957,-0.12990996
291,-7.565077,0.3718037,-0.37848702,-0.23918459,-0.17119703
292,-10.845175,0.09242405,0.14804868,-0.23617259,0.029435188
293,-4.0541143,-0.56750506,0.1411868,0.024336815,-0.34024915
294,-7.397371,0.089986145,-0.20602585,-0.008166362,-0.3008122
295,-9.5969715,0.009935968,0.03191924,-0.061015688,-0.2927925
296,-7.6600494,0.35247824,-0.18397188,0.007518791,-0.61639804
297,-10.20038,0.121313006,0.15238051,-0.037382524,-0.31148186
298,-9.762012,-0.21729782,0.17352864,-0.0015331808,-0.2553355
299,-6.7219634,0.18573758,-0.17332295,-0.0697377,-0.5228801
3,23.664516,8.396225,-2.2983222,-0.4844672,0.8649898
30,1.2197126,0.72420186,-1.0905726,0.84749424,0.29208758
300,11.582912,-1.4933556,-1.1200682,-0.25086287,0.873047
301,2.364269,-1.9156021,0.13753949,0.18880859,-0.06643669
302,22.300297,0.7668146,0.59756666,-1.445425,1.4642417
303,-7.1987634,0.12555425,0.6115899,0.12097137,-0.16727743
304,-6.6505804,0.23806272,1.2726569,0.0020967457,0.31715497
305,5.1275296,-2.0969539,-1.4992901,-0.52489525,0.54686946
306,8.718074,-2.7340424,2.6107588,-0.31209853,0.086512916
307,-0.054606766,-2.0732589,0.07236236,0.16058218,-0.1403516
308,-2.4222336,2.3211176,0.7621045,-0.038472977,0.25186944
309,-7.273022,0.3459241,0.24537353,-0.04186587,-0.044637438
31,-2.3533645,0.8105613,-1.5226226,0.0628539,0.5016829
310,8.59968,-3.0069404,-0.46402943,-0.054666873,0.38338822
311,-3.0872748,0.7362129,-0.21114935,-0.27253547,0.30053172
312,5.7302375,-0.7878459,-0.7040649,-1.3506739,0.6734479
314,-8.966141,-0.19200437,-0.24180514,-0.4818655,0.06711609
315,-6.151393,0.07462129,0.82080096,0.19157682,-0.22739752
316,-12.009023,-0.22664702,0.24757922,-0.12130812,-0.038182884
317,-10.741194,-0.1177173,0.17367215,-0.08360957,-0.032856297
318,-3.1781905,-0.30614403,0.5391324,0.11685345,-0.12014513
319,0.7381118,1.6706592,-0.50316375,-0.5212307,0.13344927
32,28.511234,-0.59607047,-1.1633642,2.6022077,-0.02618915
320,8.675426,0.6467079,-1.8758461,-1.0144404,1.0107626
321,-11.892967,0.024669306,0.3450354,-0.10380235,-0.11683179
322,12.240924,-1.7106476,0.6500256,0.22369772,0.050504573
323,-1.7682465,0.64508903,-0.9707701,-0.21636328,0.2141304
324,-10.859637,-0.20585436,0.029043479,-0.17464171,-0.045759164
325,0.6469193,0.63865465,-1.1654665,-0.23782165,0.06823968
326,-1.8675663,2.3614514,3.2705002,0.2911994,1.2066727
327,-12.052949,0.11487905,0.265984,-0.20139034,-0.13436039
328,-9.266305,-0.36012644,0.29740885,-0.15374233,0.33544004
329,-12.25401,0.08520213,0.3703085,-0.16860496,-0.07736086
33,-7.6490417,-0.7531707,-0.6328943,0.38555568,-0.15271157
330,-11.125673,0.013267087,0.24803832,-0.118263684,-0.055534597
331,-10.016735,0.44476613,-0.010731961,-0.2976019,0.012619073
332,-11.053465,-0.020774512,0.30067164,-0.09799401,-0.077643745
333,-12.580177,0.11682895,0.38681346,-0.20288315,-0.105426244
334,-12.213506,0.10274616,0.24736716,-0.20951979,-0.10634043
335,-11.99603,-0.1353668,0.26995197,-0.100410074,-0.0689768
336,-4.167807,1.1376075,-0.7763203,-0.47313964,0.170426
337,-11.541577,0.13541381,0.33717933,-0.1485434,-0.07574906
338,-2.3252425,0.15148497,0.49905327,0.007852193,-0.124181546
339,12.280095,-1.7825463,0.3286149,0.16092625,0.09671006
340,13.956391,-2.1101658,-0.20273761,0.06522551,0.36019024
341,14.279456,1.0097156,-2.2833858,-1.3752311,1.3905299
342,12.837033,1.4990846,-1.708392,-1.3644093,1.2860909
343,9.648471,-0.29853743,0.21650769,-0.37698036,-0.31975228
344,-11.835042,-0.15194675,0.15132488,-0.14761025,-0.057481643
345,-7.4694653,-0.39476633,-0.030519163,-0.08509971,-0.1914619
346,-5.3192677,-0.29798824,-0.9356332,-0.31113812,0.21812189
347,-12.458714,0.057569515,0.4175787,-0.11393224,-0.085139975
348,15.24924,1.4642338,0.32273728,0.35521308,-0.16424744
349,8.456808,-1.5667163,0.2640336,0.9450074,0.73329234
35,8.597708,-0.09457078,-1.1845855,2.469804,0.6162123
350,9.075429,-0.4017649,-0.7330455,0.18504569,0.44227412
351,-1.6360594,-1.6196488,-0.7552429,0.89660853,1.1612111
352,-1.4626793,-0.102408774,-0.9938071,-0.08139855,0.6057217
353,-9.362343,0.11126334,-0.20898737,0.20454443,-0.69543785
354,-10.278459,-0.5490169,0.07038214,0.11349052,0.1126988
355,-0.22938041,-0.041190412,-0.95796216,0.0038707338,0.5371215
356,13.052502,1.6762124,-3.604286,-0.8338808,0.12649639
357,9.754027,-0.44485536,0.13982475,-0.04412871,0.06651227
358,11.768418,-0.23227082,-0.3432569,0.6891417,0.48507258
359,5.7297354,-1.2185398,-2.3312109,-0.06690449,1.4363416
36,-6.1760445,-1.2351202,-0.16408849,0.11482744,0.12793411
360,26.107826,2.3959312,-3.0624676,-1.0308639,0.05715035
361,42.822445,-5.0793276,-1.3786304,2.856307,-2.0779204
362,10.679924,-0.5429691,-0.089669704,-0.1418211,0.04587534
363,11.795868,0.06771388,-2.459612,-1.7589749,-0.23606671
364,4.239074,-0.15333837,-2.1347547,-0.70940226,0.41565832
365,-4.5478444,0.49762318,-0.9867713,-0.5041811,0.60509044
366,20.392956,-2.8478785,-2.1677914,1.0399735,-1.086498
367,10.477176,2.4997158,-2.1733575,-1.3387631,-0.4684957
368,-5.7490745,0.7274224,-0.71923834,-0.24816597,-0.060485188
369,-6.823452,-0.6253177,-0.6392464,-0.14896841,0.116645515
37,-3.8294265,0.56086,-0.3444212,-0.0964157,-0.22775601
370,-11.502564,-0.29858848,0.46642128,0.008563834,0.03981503
371,-11.358606,-0.38982978,0.13423342,-0.044589352,0.039001808
372,-4.566447,-1.0505112,-0.7536044,0.27813342,-0.0952984
373,8.506017,-1.5384817,-1.9343119,-0.20320046,-0.053649575
374,-5.552011,-0.3355562,-0.6133554,0.09934444,0.28078827
375,-0.97377175,-0.8774221,-1.0128473,-0.112620026,0.38301888
376,12.84974,3.522929,-0.37798688,1.483023,-0.5404907
377,-8.420079,0.10028176,-0.06623884,0.17647627,-0.9629074
378,5.191876,1.0850137,-1.3340472,-0.2104428,-0.080705576
379,14.239975,2.564349,-2.7958486,-1.1814886,-0.44931313
38,37.81972,0.5349274,-2.0333629,2.7647464,0.13479666
380,-1.918248,0.13016567,-0.7125255,-0.68472046,-0.018768178
381,16.298183,-0.98298293,2.0977597,-1.1402231,-0.83816695
382,-1.9156675,-0.67898875,-0.70437497,-0.33632994,0.07238979
385,18.922562,-0.85597485,1.3552676,-0.87616235,-0.8740241
386,21.53113,-0.32823893,1.9612082,-0.92346144,-0.9501819
387,15.712764,-1.4173377,2.3785677,-1.1338543,-0.5312565
388,26.41884,-1.0261977,-2.8219771,0.68613863,-1.3878194
389,-9.348465,-0.04316729,-0.1512811,-0.10077807,-0.112294324
39,-5.9166346,-0.12704916,-0.5080057,0.36272553,-0.26591742
390,-8.904576,-0.0267917,-0.018497264,-0.141099,0.0042450572
391,-8.441537,0.11904901,-0.16541027,0.18041912,-0.86442596
392,9.889297,1.5337192,-2.3618996,-0.5382456,-0.18723607
393,6.002318,0.93898076,-1.9500151,-0.14115979,-0.15316378
394,-0.0890399,-0.3243949,-1.5761303,-0.338889,-0.52270603
395,12.988683,2.8715765,-2.5841184,-1.3857728,-0.39995968
396,-2.976431,-1.1899569,-1.0972121,0.14889677,0.030167842
397,13.776116,-0.9343965,2.749297,-0.9087849,0.052425433
398,-0.41535646,0.07322149,-0.8637939,-0.7565969,0.06294023
399,-3.5078294,-0.7565644,-0.6412579,-0.2970683,0.0415288
4,2.0608613,1.0853271,-1.890976,0.1519071,-0.18109964
40,24.631054,-2.9821525,-1.631008,2.4180806,0.07860724
400,-1.8423585,-0.11517433,-0.7730191,-0.68548316,-0.04226265
401,-11.9641695,-0.057535615,0.20619816,-0.14789991,-0.1597781
402,-7.669935,0.712889,0.14206192,-0.18268444,-0.011641465
403,-11.084437,-0.1350294,0.34899992,-0.057707146,-0.10540334
404,-10.980496,-0.023520105,0.18924789,-0.09868117,-0.004127496
405,-11.96182,-0.066348836,0.43493354,-0.09807889,-0.07063554
406,-12.059454,-0.07756532,0.41753513,-0.0824656,-0.12913038
407,9.280375,-3.08464,-1.8939455,-0.48164824,0.39282408
408,8.289244,-2.2224658,2.3094153,-0.24485463,0.10529189
409,16.364605,-2.5326858,3.636481,-0.45320046,0.05470184
41,15.086057,4.783778,-1.3881965,-0.2284421,-0.8590645
410,-4.945552,0.29780447,-0.3251455,-0.14455184,0.19609405
411,2.7880626,-2.9049351,-1.2621025,0.47454646,0.53800803
412,2.0569963,-1.2467464,3.8742378,-0.2355651,-0.25995806
413,12.798297,-2.8235805,3.8963535,0.20602877,-0.20374377
414,-9.206769,0.10199025,-0.048046146,-0.113044836,0.12639736
415,10.843085,5.3861027,-0.8018951,0.17805474,-0.21397404
416,6.0733404,3.245321,0.35928273,-0.3428222,-0.791422
417,-9.044822,-0.10301305,0.13981137,-0.05547385,0.020844558
418,-9.925426,0.066346444,0.015218784,-0.108870804,0.04491992
419,5.135819,3.0216181,0.23388062,-0.2635697,-0.93338966
42,-11.075587,-0.07133244,-0.08291397,-0.09696103,-0.13775854
420,3.2505717,3.1568391,0.099416636,0.2748174,-0.37193093
421,-7.8328576,-0.027882861,-0.06374528,-0.014790065,0.1486228
422,-8.412211,-0.17168516,0.28741547,0.09284417,0.049202718
423,-2.6969347,2.0953681,-0.15678544,0.08276678,-0.25011054
424,-10.709892,-0.40701365,0.14290681,0.048359603,-0.006517513
425,-7.976081,-0.32514238,0.40387696,0.020289253,-0.054951616
426,-8.719784,-0.34780598,0.026482666,0.18101051,0.18577453
427,-10.3800535,-0.30463368,0.22553468,-0.025110193,-0.04713684
428,-10.257457,-0.27754524,0.09193967,-0.04195028,-0.01158616
429,-10.037857,-0.17813897,-0.13397264,-0.122713156,0.14204915
43,-3.0377562,1.1443564,-0.42508987,0.39503875,-0.43194783
430,-8.879861,-0.52118856,0.08839461,-0.049918536,-0.080874234
431,-11.517834,0.030307319,0.21956286,-0.13277127,0.0057685496
432,-9.481733,-0.2955341,0.25029925,-0.076196246,0.011673467
433,0.4164926,1.6767249,-0.9347791,0.007604857,0.10482135
434,-3.804258,-0.20247903,0.3452728,0.5246078,-0.20163767
435,-5.8861337,-0.50415593,0.09241592,0.39439684,0.12172301
436,-1.4218112,0.8125408,0.88167435,-0.041279107,-0.07006909
437,1.2654518,-0.46079326,0.9791852,0.1934521,-0.4678293
438,3.2634075,-0.5093366,1.3260139,0.25713137,-0.19704624
439,-7.8671675,0.21681829,0.067656554,0.16149592,0.19848828
44,-8.301423,0.6145648,-0.45509577,-0.1392114,-0.038807426
440,-2.6504617,0.33928335,-0.116892256,0.35277572,0.2430166
441,-12.326053,0.04041774,0.37629882,-0.13446094,-0.088807575
442,-6.5308366,0.079280846,0.37260503,0.23642625,0.04558053
443,-2.845253,0.7017061,-0.30977356,-0.38169754,-0.00428435
444,-8.117165,1.776848,-0.5313536,-0.72749734,0.09143533
445,-0.12312613,0.13878746,-0.7046741,-0.87010974,0.9914258
446,-0.53276104,-0.21264832,-0.7632103,-0.7536981,1.0947188
447,-11.470639,-0.022664417,0.14806695,-0.23824035,-0.09029411
448,5.0009365,2.1233997,-0.55807906,-0.9470158,1.356619
449,0.28628358,1.1881032,-1.2293817,-0.6635981,0.17587861
45,28.230873,6.363555,-4.300309,-0.86168206,-0.75493425
450,-0.04794962,1.5088341,-1.0763918,-0.58664095,0.18784317
451,-11.102249,1.1560737,0.5834508,-0.14252399,-0.03761051
452,7.9803157,1.7057942,0.09876929,0.09966962,1.2623348
453,8.638873,1.8845277,-0.10259869,0.008546195,1.2243316
454,2.1646109,0.96184886,-0.9334079,-0.47234014,0.41751036
455,-9.741506,0.87677854,0.18507184,-0.32826078,-0.12458417
456,9.825741,2.013604,0.01892913,0.09018295,1.180233
457,0.14060043,0.14709638,-0.8147541,-0.34532815,0.42164078
458,-10.501683,0.60660434,0.4347667,-0.27607015,-0.17887485
459,-11.588625,0.41846156,0.05130441,-0.36643568,-0.06292107
46,24.040426,6.020158,-3.6160278,-0.67530346,-1.1610163
460,12.386361,1.8008844,0.10908279,0.41104954,1.2585202
461,-11.64258,-0.24818431,0.34684807,-0.042865854,-0.043957394
462,-1.0274943,0.09526544,-1.1432512,-0.43518132,0.27133912
463,-11.737172,-0.014951999,0.2053573,-0.14333495,-0.03562773
464,3.0329247,-0.53118956,-1.5740844,-0.39949027,0.87404686
465,-8.452676,0.022905927,-0.3315238,-0.14380513,0.049384028
466,-8.689674,-0.031234177,0.20142034,-0.070320316,0.11323603
467,11.6515255,1.5070168,0.2122132,0.24304385,1.1888322
468,9.106707,1.900288,0.38864377,-0.015362183,0.9070731
469,2.098968,-0.41879666,-1.6348292,-0.27421537,0.5884725
47,-1.1203285,1.1836027,-0.86936486,0.12503944,-0.44384792
470,17.97772,4.075176,-2.344584,0.44218117,0.30758348
471,12.045274,3.8105567,0.040170163,-0.22032574,-0.38655528
472,-9.728111,0.010679805,0.45114967,-0.10549651,-0.07204011
473,10.030093,3.5642474,0.009314341,-0.15636791,-0.53939337
474,7.211375,4.249952,-1.2518905,-0.13375752,-0.1487534
475,-9.707574,0.9186562,0.11346876,-0.22748645,-0.053688567
476,-8.398964,1.4177059,-0.09644454,-0.3543541,0.049618762
477,-6.7038646,-0.3292841,0.36032757,-0.033769183,-0.04120087
478,-8.323938,-0.2416074,-0.060305834,0.115625136,0.19801025
479,-4.2030926,0.6185117,-0.12351977,-0.26498812,0.02743329
48,-0.95710695,0.45343933,-0.92724353,-0.021907678,-0.40579835
480,-0.95841134,-0.97265804,-0.7823473,-0.58182234,1.3577335
481,-1.1605978,-0.36526254,-0.6437495,-0.59791553,1.0403537
482,-0.6461583,-0.3573912,-0.8099802,-0.6469731,1.0414159
483,-4.4078097,0.35155004,-0.21926886,-0.25213963,0.12092595
484,9.973968,-1.8063014,-1.0141448,0.16128767,0.55209756
485,7.005629,0.60306376,-0.75756574,-1.5154312,1.1023496
486,8.578843,-0.00312609,-1.5414386,-1.8884223,1.7805959
487,-5.476599,-0.00869283,0.5328647,-0.061888512,-0.008413331
488,6.064949,1.52321,1.3265028,-0.14930491,0.6618028
489,0.45834616,-1.1293436,-1.5469023,-0.21587823,0.38832545
49,-8.561305,1.36547,-0.20920569,-0.2248493,-0.30237758
490,8.974224,1.6356647,1.0691859,-0.17330039,0.9492736
491,-10.816702,0.09468861,0.29046738,-0.20862308,-0.10342849
492,9.556801,1.6254641,0.41240305,-0.023263132,0.9925031
493,1.9552786,-0.39075807,-1.4792598,-0.23402825,0.62464726
494,2.6042488,-0.25029,-1.3955597,-0.6111294,0.5811399
495,2.639486,-0.13460475,-1.6840882,-0.46097982,0.60059667
496,-4.27916,-0.16449793,0.62161237,-0.112006746,-0.053738486
497,1.0546924,-0.3653225,-1.8052492,-0.39412224,-0.39723736
498,-5.0855846,-0.10696376,-1.1220505,-0.47325203,-0.19823964
499,-2.7814817,-0.3981275,-1.5462012,-0.48703158,-0.030324113
5,5.5429487,2.7150614,0.39881164,1.6989623,-0.1354388
50,-10.230258,0.18461646,-0.111346096,-0.16561241,-0.12511803
500,5.9153423,0.06004063,-2.6239471,-0.511062,-0.50385624
501,2.5204234,-1.4513923,-1.7849619,-0.28688273,0.24318974
502,8.492136,0.8638133,1.3786919,-0.035756532,0.8060054
503,-3.6807587,-2.9127104,0.025458122,0.5022427,-0.41449663
504,0.2963076,-2.529935,-1.6478331,0.070507236,0.018608466
505,9.117918,0.7121027,0.9284079,-0.4454023,0.32625213
506,10.410079,0.61140084,0.81361073,-0.42788124,0.31318974
509,-9.179031,-0.44357228,-0.18976037,-0.18111861,0.023939611
51,28.095066,3.1133237,-2.8027468,0.9433599,-1.4696761
510,-9.876813,-0.3450278,0.18691719,-0.02542327,-0.17402513
511,6.1121545,-0.36278585,0.7263171,-0.9701594,-0.2695116
513,-9.716682,0.043563623,0.42601672,-0.030507525,0.038198054
514,-9.474593,-0.034633253,0.27484396,-0.19960932,0.022573791
515,-11.4706135,-0.3020531,0.28613457,-0.11136707,-0.105851024
516,-6.753664,-0.7564661,-0.20526116,0.23007096,-0.15834394
517,-7.3214116,-0.29999748,-0.01792358,0.22005396,0.045045365
518,-6.784547,-0.57689655,-0.29556224,0.3041533,0.050613575
519,-7.339051,-0.2884716,0.27476123,0.21245022,-0.015985094
52,-8.795074,0.012001363,-0.75799274,-0.19824673,-0.0129378745
520,-7.33565,-0.4793229,0.001346359,0.30748904,0.08033524
521,-7.416114,-0.07681719,0.2784412,0.0758857,0.033834983
522,29.884697,0.070569515,2.2239275,-1.0249236,-1.6849935
523,-4.3391776,-1.3837304,-0.368432,-0.085701585,0.1321966
524,5.643176,-0.3921222,0.8080133,-0.85562396,-0.33085245
525,20.499502,-3.9657176,-0.6142003,1.589346,-1.1720421
526,16.675806,0.77026504,1.8423468,-0.56236994,-1.1406499
527,19.450535,-3.497087,-0.8405441,1.1342641,-0.94582117
528,-6.992144,-1.0488108,0.08679301,0.21461734,0.051846102
529,-5.982004,-0.4396295,0.9435748,0.018082704,-0.11109083
53,26.809076,5.5841312,-3.9809678,-0.63847244,-0.81517106
530,-7.843137,-0.83259887,0.15714502,0.15484068,0.04856736
531,-7.95884,-0.40836725,0.68794465,0.012057448,-0.0944039
532,-7.6959767,-0.7578083,0.14025415,0.11524251,0.0692896
533,-8.077373,-0.31960842,0.6139565,0.030886898,-0.05409958
534,-7.6638803,-0.81199205,0.10174004,0.116574205,0.058097724
535,-6.600191,-0.47072297,0.6357318,0.076444,0.048441216
536,-6.7083507,-0.49698475,-0.16363227,0.3347188,0.13005055
537,-8.373271,0.49783522,0.2598851,-0.03716475,0.131247
538,-6.736806,0.3382602,0.20800613,0.23006551,0.18662812
539,-11.020834,-0.5257124,0.2895099,-0.09284432,-0.086605825
54,22.902136,4.483466,-2.8060336,0.10213275,-1.2061778
540,-8.045392,-1.1810511,-0.41688952,0.12444872,0.002417508
541,-11.888884,-0.31332743,0.3161232,-0.058625266,-0.09158427
542,-10.169832,-0.8419003,0.015582915,0.1555026,-0.13645442
543,-8.994011,-0.82146746,-0.092185564,0.026043113,-0.011891088
544,-11.632004,-0.2514233,0.18427956,-0.08885624,-0.05645775
545,-9.600071,-0.29531315,-0.0419598,0.02360292,-0.122481376
546,-8.54295,-0.484551,0.22020124,-0.01220007,-0.11003225
547,-6.618737,-0.8431561,0.36980212,-0.052629936,-0.017140344
548,-11.496432,-0.09895631,0.17264791,-0.16733594,-0.019415146
549,-3.1499965,6.1657424,3.7615123,-0.32632703,4.2849603
55,-10.908332,0.2910597,0.059457906,-0.16286819,-0.26935235
550,-8.466898,-0.5185484,0.15918574,0.11564345,-0.030374564
551,-10.495318,-0.17154783,0.19503914,-0.20142129,-0.012139331
552,-10.915441,-0.5788465,0.19101351,0.042722307,-0.07623401
553,-8.44336,-0.6256312,0.61180085,-0.07071306,-0.06357929
554,-8.582552,-0.8141384,-0.041269954,0.10047457,-0.015739614
556,-8.38258,-0.7293691,-0.14950344,0.0087166075,0.041028135
557,-5.705919,-1.3794676,1.0619477,0.018648349,-0.16775006
558,-7.8525224,-0.62275344,-0.35596448,0.007851305,0.13053225
559,-0.58250767,-1.9778643,0.64944583,0.1653782,-0.009826427
56,38.430923,10.975313,-4.270194,-1.1235557,-1.6410722
560,26.535341,-6.65847,0.8705464,1.6627818,0.27453578
561,-10.239235,-0.29421973,0.8959416,-0.081299335,-0.13504232
562,-4.0105624,-0.77881396,0.89434296,0.24740806,1.0355427
563,37.658882,-0.35787103,5.4317217,-0.2659456,2.7568371
564,-5.305649,-1.8735651,2.6884212,0.38056737,0.5184203
565,5.132598,-2.7578375,-1.4608828,0.42343,0.29807606
566,34.37979,0.5374191,4.956151,-0.5037995,1.2169815
568,24.02222,-5.4897447,1.4200891,1.5339879,0.19545572
569,-6.820631,-1.2463024,3.183583,0.14330927,0.23824188
57,22.468695,4.6866407,-2.9377189,-0.16658537,-1.1767545
570,18.328701,-4.551475,0.5019187,1.8473023,0.6082031
571,-12.720848,-0.10484112,0.6001194,-0.11459784,-0.11132906
572,10.361236,-2.8750827,-0.7747773,1.1467528,0.4924266
573,8.775613,-3.0233188,-0.30737203,1.1807852,0.38453525
574,11.275996,2.7415059,-2.0699468,-0.8024577,-0.8071728
575,10.600343,1.6161239,-1.9539658,-0.39800376,-0.46706817
576,14.183081,0.59535366,-3.4363534,-0.8459225,-0.03660743
577,14.269184,0.6580874,-3.606969,-0.9295296,0.15976006
578,22.412825,-0.13603804,-2.7558036,1.5792546,-0.5165833
579,23.279007,3.5607877,-0.58839464,2.2213547,1.318792
58,-6.3155303,0.6903198,-1.1954932,-0.67637336,-0.2074381
580,16.564297,1.3085884,-1.7255752,1.5056382,-0.72352153
581,13.817378,3.4625404,-2.6425555,-0.711871,0.20095967
582,15.421505,2.733089,0.7868215,1.4250691,-0.0674489
583,-8.234773,0.31098443,0.0856773,0.32209414,0.038690872
584,-7.8720675,1.3939031,-0.17552516,-0.06495866,0.27086246
585,4.0537043,3.7470787,-0.16690974,0.7004113,0.39591926
586,-12.508051,-0.0744167,0.36099467,-0.13970947,-0.0950968
587,4.7969546,4.014514,-0.51110923,0.6877728,0.48910293
588,-4.5285087,2.271572,0.26973948,0.828004,0.59979934
589,5.331367,4.6969137,-0.32715732,0.7099125,0.49171096
59,21.769863,6.017116,-2.7670708,-0.72480595,-1.1556276
590,12.021848,-2.8556848,-0.50834596,0.60599595,-0.21171337
591,3.259624,2.3322127,-0.31085402,1.2314441,0.38523337
592,2.6914425,2.2274778,-0.2794691,1.186006,0.3098823
593,-6.528228,-0.47398028,-0.23095353,0.33163607,0.13017954
594,15.00722,1.0720834,-1.6334193,1.3729383,-0.69761163
595,19.724728,2.6063814,-2.3400643,-0.8850465,-0.35916
596,20.788603,2.9377842,-2.8452003,1.6143843,-1.3968008
597,3.2934823,2.4240458,-0.13426355,-0.119538374,0.27041525
598,-10.178969,-0.25319633,0.53676736,0.44953218,-0.21829355
599,23.626945,3.8431718,-2.4319243,-0.9023145,-0.5490336
6,-9.066117,0.34889963,-0.28913653,-0.009438126,0.056294806
60,43.232822,5.075744,-4.2189007,1.7435565,-2.0884986
600,-8.074877,0.026313657,0.015483709,-0.21245322,0.106870845
601,-10.615286,-0.20924717,-0.017567754,-0.047002006,0.0018154124
602,-9.038016,1.7261084,0.50216174,0.65120524,0.48735073
603,-12.189608,0.052593134,0.35933268,-0.17635271,-0.10676399
605,-10.659951,-0.08675435,0.66233313,-0.11022221,-0.17414531
606,-3.9969165,1.8498964,-0.84166116,-0.5136812,0.11594015
607,-12.058566,-0.12840632,0.28889498,-0.17383677,-0.1224998
608,-8.898084,0.03821679,0.40174186,-0.08574923,-0.26851356
609,-12.383968,-0.09906305,0.45072797,-0.11557283,-0.1564354
61,34.5978,9.728418,-3.1811476,-1.3468952,-1.3173059
610,-9.838722,-0.15567228,-0.01841268,-0.22411318,-0.04526781
611,-11.809385,-0.10679872,0.43746004,-0.16804743,-0.1685648
612,-8.039416,0.45232436,-0.22662117,-0.12671798,-0.19640304
613,-7.5353374,0.13492128,-0.31214026,-0.15707228,-0.09822766
614,-8.751126,0.086217776,-0.074349575,-0.15924072,-0.1829616
615,-10.163163,-0.59827846,0.327465,-0.016003268,-0.1448315
616,-10.909336,-0.010782304,0.14595395,-0.10080997,-0.043548226
617,-4.745361,0.32047155,-0.69855905,-0.27829444,0.5145465
618,8.010822,-0.16396323,-2.5628564,-0.62932,0.8251895
619,-5.813101,0.7800159,-0.6443836,-0.13449286,0.24770786
62,-8.648749,1.1791873,-0.23176706,-0.18142258,-0.27488098
620,-5.3868346,0.2871987,-0.80606544,-0.0059865518,0.2850654
621,9.21196,-4.7223983,-0.95024157,0.80816704,-0.6404875
622,-11.073267,0.44395593,0.15649003,-0.3807329,-0.07551978
623,-10.845223,0.035090666,0.1833381,-0.12792239,-0.07811833
624,-11.797631,-0.0042158486,0.277301,-0.19933924,-0.08555286
625,-10.711332,0.26584324,-0.018443227,-0.3696167,-0.030596567
626,-12.781728,0.01648334,0.3793138,-0.15494494,-0.11930868
627,-11.090273,0.026104392,0.24319375,-0.14668909,-0.11622893
628,-12.588161,0.013024745,0.37902683,-0.20914018,-0.13530359
629,-11.48377,0.13349316,0.11761362,-0.2577895,-0.09127644
63,-0.34330142,3.6967652,0.53174806,2.1221783,0.6658425
630,-9.258144,-0.2516895,-0.31454104,-0.14634705,0.08534858
631,-10.00966,-0.18093681,0.10089064,-0.09268657,-0.055566624
632,-11.6166935,0.13656478,0.13161197,-0.24380438,-0.102015786
633,-12.149615,-0.075189054,0.3098519,-0.109097145,-0.036925178
634,-9.865248,0.44111067,0.083759524,-0.2819348,-0.34925464
635,-11.659659,0.16018549,0.12278386,-0.2560456,-0.09474113
636,-11.945071,0.00042675398,0.2740884,-0.18765217,-0.09239061
637,-6.0551953,-0.28996047,-0.7698183,-0.30635944,0.14426775
638,7.8527427,-0.7684785,0.30487013,-0.13437527,-0.25205982
639,-4.8118896,0.15126507,-0.6992997,-0.20088354,0.6788825
640,-11.275586,-0.018387163,0.05617335,-0.23435514,-0.10646483
643,5.471593,-1.1292387,-0.06636457,0.15889297,-0.436911
645,10.027866,-0.652827,0.67288226,-0.17125145,-0.80371773
646,-9.873998,0.31453776,0.02132108,0.0015642504,-0.23489195
647,9.89864,-1.179196,0.8397734,-0.28672945,-0.7675662
648,10.59644,-1.1403856,1.1281028,-0.20146747,-0.88616115
649,14.268946,-0.504234,0.40613663,-1.2156947,-0.443349
65,-5.7886624,0.6591282,-0.1147177,-0.5647269,-0.49768397
650,3.2612352,-1.0525942,0.31751674,-0.80104995,-0.70576656
652,5.3814435,-1.000213,0.46155822,-0.79974633,-0.84857124
653,-10.189508,-0.4406986,0.81989926,-0.17234205,-0.2142393
654,-4.3463163,-0.83208203,-0.28242826,-0.05451156,-0.53848565
655,-10.908957,-0.2676971,0.6298945,-0.110919245,-0.17859866
656,9.870868,-0.27629858,0.74190295,0.16903579,0.24598779
657,9.229076,-1.1206977,-1.0170407,-0.19260876,0.4792362
658,0.7549391,-0.18216026,0.072874404,-0.5516786,0.27777758
659,-9.973991,0.31356663,-0.011468839,0.03826933,-0.26619977
66,29.402262,6.568062,-4.771636,-1.5780913,-1.7396863
660,-10.158517,0.6079999,0.2537337,-0.044189256,-0.18209732
661,-11.961853,0.2467742,0.33690894,-0.040655445,-0.27259678
662,-12.363545,0.5041485,0.47643912,-0.14286496,-0.42324552
664,-7.494529,0.5740014,-0.1030331,-0.27293321,0.11005984
665,-7.925165,0.55315936,-0.07483543,-0.2650342,0.104501955
666,-12.201051,-0.05587628,0.41234356,-0.06804836,-0.12628333
667,-8.794035,0.34091425,-0.07395321,0.17506772,-0.4747284
668,-6.3208365,2.6218324,0.43416873,0.33212587,-1.130063
669,-6.688075,1.7479409,0.15665866,0.21850586,-0.6641952
67,-10.570985,0.06983572,-0.057024628,-0.041775964,-0.15516591
670,-6.4707656,1.7568065,-0.038412474,0.11336885,-0.7704759
671,-9.402513,0.053354286,-0.06213709,-0.035377793,0.10859346
672,-12.528449,-0.012006822,0.44098052,-0.083209544,-0.17317422
673,-9.9137125,-0.02607937,0.078472264,0.029868048,0.024053488
674,-8.664819,-0.8979545,-0.14373557,0.32895815,-0.09448675
675,-8.257345,-0.5276751,-0.023391675,0.2815731,-0.01058067
676,-10.7261915,-0.38056394,0.29088295,0.034325268,-0.16535299
677,-11.44622,-0.05792926,0.25674027,-0.086550996,-0.04965169
678,-8.949386,-0.078147404,0.36850378,0.26969597,-0.064186655
679,-11.029035,-0.24625783,0.21095064,0.19786534,-0.13562074
68,-11.301157,0.119122654,0.043009628,-0.17259414,-0.14223382
680,-8.340639,-0.14738828,0.58186376,0.16389373,-0.054626893
681,-12.629351,0.13035005,0.44493225,-0.1295982,-0.05986377
682,-12.757153,0.035866797,0.46462,-0.1230142,-0.08876291
683,-11.96831,-0.035986807,0.3236072,-0.10372811,-0.082477376
684,-11.796387,0.10453694,0.23105997,-0.12627144,-0.025235992
685,-6.9322968,-0.49081254,0.38195908,0.26333284,0.07362219
686,-7.2044415,-0.47584727,0.46025786,0.17636093,0.085874
687,-7.929135,-0.56140906,0.47565895,0.16529706,0.05995997
688,-12.283114,-0.11774305,0.4272275,-0.13217394,-0.11209931
689,-6.653621,0.58980817,-0.18004206,0.018259937,0.39248604
69,-10.705915,-0.42070007,-0.1713895,-0.07112737,-0.09921896
690,-11.991983,-0.14207241,0.21571319,-0.14276992,-0.054302048
691,-6.9202538,0.5019092,-0.16310637,0.040592585,0.456397
692,-5.705998,0.57913595,-0.36155456,-0.06697531,0.3433823
693,-10.966299,0.7267947,0.122151986,-0.05748768,-0.14625856
694,-6.941222,0.5451809,-0.11667466,-0.08821782,0.30430424
695,-6.6172385,0.74995124,-0.12325184,-0.11112907,0.40077105
696,-6.1406326,0.86580944,-0.22820391,-0.17801307,0.43712994
697,-13.238747,-0.056447048,0.41528797,-0.18572454,-0.16051008
698,-6.387625,-0.6474017,0.31970614,0.20017754,0.13840376
699,-7.128358,-0.561306,0.49471563,0.14427926,0.021570468
7,-11.175836,0.93085134,0.6307056,0.055253595,0.14038052
70,-9.154094,0.63678867,-0.20318669,-0.14849836,-0.25764632
701,-5.8829646,2.365456,0.1327483,0.1132041,-0.6989889
702,-12.304623,0.05322612,0.24846436,-0.16941853,-0.11312248
703,-5.6934276,2.342719,-0.061751626,0.041093808,-0.7670794
704,-5.563677,2.591176,0.09514788,-0.008884736,-0.7869344
705,-5.77023,2.1808162,-0.59768564,0.10262878,-0.5765137
706,-6.231424,2.5286522,-0.14898303,0.050157,-0.6036314
707,-11.659864,0.71963644,0.20071588,-0.20119876,-0.14448164
708,-9.992987,0.9566094,0.037799884,-0.1695374,-0.024110602
71,-10.733805,0.023739368,-0.10033015,-0.056769215,-0.002303579
710,-2.9953203,-0.81524336,-0.46763897,0.6130789,0.3286342
711,1.4988976,1.9824175,-1.0134393,-0.3831356,-0.6739691
712,-12.045441,0.05781084,0.26904473,-0.26016745,-0.088367306
713,-10.46323,0.061593518,0.3171922,0.11354993,-0.021871073
714,-12.005271,0.19142938,0.43253037,-0.07966239,-0.04520593
715,-11.387783,-0.03407503,0.21310587,-0.13914254,-0.056241963
716,11.9101305,-0.53788364,2.9470246,-0.13930665,-0.5737762
717,-4.189079,-0.33104354,0.047161285,-0.09960946,-0.26831225
718,-2.2587836,-0.10255407,-0.38346273,-0.086842716,-0.35601324
719,-11.444058,-0.25144657,0.20015518,0.08650097,-0.012540783
72,-8.34199,-0.5884478,-0.5558254,0.022129832,-0.070404604
73,-7.0720487,-0.032506645,-0.64118916,-0.1142702,-0.13431536
735,14.998775,-0.5721274,0.19685726,-0.1475587,0.10713811
736,19.715174,-1.1736547,-0.28016487,-0.12282403,-0.28657365
737,12.069533,0.26637095,1.5312257,0.16004956,0.24004842
738,17.482327,-0.5024278,-0.2548386,-0.21248864,-0.0041135717
739,16.493006,-0.16842696,-0.39474535,-0.20276344,0.024158455
74,-1.459141,1.3969915,-1.1903672,0.13427876,-0.09572102
740,12.896003,0.112715565,0.04700407,-0.16832143,0.017750857
741,16.177992,0.18784428,2.6675801,0.03488253,-0.1311141
742,13.918954,-0.2390009,0.30121174,-0.1056526,0.019924363
743,18.288176,-2.2406888,0.8288613,1.369412,-1.2661475
744,6.071332,-1.0444212,0.59339225,0.5443407,0.76025754
745,22.707111,-2.646154,0.065021425,0.9761682,1.9000244
746,22.142391,-3.2949452,-0.21522589,0.9332589,1.948199
747,-12.096382,-0.21021396,0.27558598,-0.16161029,0.0032280695
748,14.207033,-2.3155997,-1.0160483,0.7144348,1.3061446
749,12.772884,-2.612128,-1.047272,0.53627867,1.6631072
750,-13.044247,-0.08573141,0.3889177,-0.1691551,-0.13538536
751,16.546799,-2.8583517,-1.2212223,1.2792566,1.4633194
752,17.713139,-5.2067704,0.40950036,1.5627544,0.54831594
753,-12.121856,-0.2542186,0.44461015,-0.13257104,-0.14004081
754,-12.800825,-0.20050587,0.48036307,-0.13842854,-0.122656934
755,5.529705,-2.6010003,0.38843042,0.84288067,0.5481618
756,18.598166,-4.5326014,0.3805087,1.6179438,0.98495024
757,-10.797404,-0.447839,0.601323,-0.12910348,-0.13548867
758,24.668987,-3.111245,1.3785359,1.1453586,0.68538666
759,-6.2177124,-0.55521804,0.7498651,-0.041166704,0.1472162
76,14.60886,-0.088733405,-3.1382272,0.35475653,-1.0893446
760,-6.485756,-0.8900364,1.0094987,-0.12715355,0.17910887
761,-12.781643,0.029758539,0.5279507,-0.16929261,-0.09452984
762,-6.447242,-0.94608146,-0.07886899,0.37497008,0.36653218
763,-6.611777,-0.9376593,-0.23025726,0.17223315,0.29399356
764,-11.686715,-0.5085978,0.14599751,0.12894315,-0.14966093
765,10.376603,-5.12965,-1.474519,0.99301374,0.2707783
766,12.021754,-4.960354,-1.4223613,0.9549937,0.59636635
767,5.4263034,-1.3692833,-1.5372353,-0.28467607,0.19125567
768,13.56432,0.5609049,2.6569355,-0.7440287,0.1186069
769,-6.68921,-0.61217546,0.049855273,0.09304906,-0.17010897
77,7.800265,1.6968429,-0.8833827,0.45809305,-0.93362194
770,5.9103737,0.6284043,3.0268679,-0.79865545,0.15381311
771,-10.324098,-0.6678164,0.118946165,0.20923032,0.12695949
772,-6.1989293,-1.8284147,-0.25884277,1.0328609,0.28642544
773,-4.6450586,-2.1438375,-0.8186204,0.9461146,0.24626134
774,8.448289,-4.698237,-1.5579629,0.98917973,0.42296863
775,-6.414623,-1.3043238,-0.47016117,0.5863954,0.099259906
776,-10.976835,-0.6091171,0.21390872,0.09225012,-0.049258273
777,-7.0958285,-1.0671827,-0.33297092,0.3951977,0.07787626
778,-11.931222,-0.3264948,0.33130062,-0.036893573,-0.03265892
779,-8.097782,-1.1756907,-0.32459366,0.29107863,0.042544022
78,6.5643215,-0.4690576,-2.10562,0.5362195,-1.1636417
780,-8.490419,-0.99456835,-0.03637308,0.3582064,0.032510817
781,-8.631746,-0.9758626,-0.06908447,0.36122003,-0.00553719
782,0.88782513,-1.5277383,1.8436561,-0.04982839,-0.064780824
783,18.525301,-0.31413493,1.7100855,-0.3095246,0.24684487
784,9.218565,-2.5226376,-1.8575162,-0.44081536,0.005804702
785,-6.981192,-0.5508516,0.06082996,-0.04728169,-0.100091696
786,-10.060423,-0.09867673,0.6007839,-0.04777532,-0.15285015
787,13.100818,-3.5889776,-1.8310801,1.3500866,-1.2187369
788,0.24381359,-0.85169476,4.079246,-0.4970502,-1.0468566
79,3.0546474,0.4635507,-1.9185094,-0.06583905,-1.1424882
790,-0.24374072,-0.7214459,3.9081125,-0.42571655,-1.0107963
791,-4.554609,-0.31798998,0.3568144,-0.11369533,-0.25004107
792,2.0466828,0.93864733,0.1918019,-0.39758313,0.24853869
793,-6.3767,1.3831581,0.035047535,-0.41704485,-0.08193428
794,17.33454,-5.0177674,-4.1258717,-1.7874889,0.9110925
795,21.041265,-5.412099,-1.8157225,2.4200299,-1.3984855
796,2.1443837,0.3997029,-1.3256139,0.1386439,0.06943821
797,-11.367009,0.08428011,0.5323222,-0.014309159,-0.16087429
798,26.709108,-5.4946585,-2.8504524,2.4623911,-1.5188975
799,-0.82750493,-1.5225015,-1.0269624,0.36507422,0.33955553
8,-3.998872,1.6153731,-0.47481722,0.28295463,0.3909668
80,21.80691,-0.4699315,1.927021,-0.3259813,-1.0533425
800,39.26329,-5.413904,-4.4648194,-1.668104,1.8359742
801,-12.083693,-0.3890337,0.30874783,-0.037974726,-0.07599815
802,-11.414248,-0.040765107,-0.013555842,-0.26737982,-0.07454382
803,-2.5744205,-1.9346819,-0.6904971,0.64522713,0.24240223
804,0.08603724,-1.9300178,-0.89872783,0.8734269,-0.12987341
805,-1.1774803,-1.225303,-0.16762541,0.6080829,0.19036798
806,0.32234836,-3.6854272,-1.4230009,0.7694126,0.33278027
807,5.3769403,-3.7636611,-1.2236602,0.33031955,0.8479148
808,7.120776,-4.9646072,-0.6001528,1.2049228,0.20935181
809,0.7355479,-2.620817,-0.8458723,0.32390177,0.15835044
81,11.8036175,-1.3322387,-0.77591246,0.77434087,-1.543498
810,-10.8584795,-0.08795874,0.06790742,-0.20764959,-0.010806692
811,-11.411947,-0.6112783,0.46951327,0.017207071,-0.14318202
812,-8.441826,-0.5550401,0.04394281,0.046912517,0.012577874
813,16.574266,-4.696981,-2.1497912,1.891643,-1.3524153
814,-8.020201,0.036515817,-0.09542016,-0.18453698,0.17015477
815,-4.0374517,0.4679731,-1.1976849,-0.36981344,-0.66567713
816,19.022863,1.7549108,3.7704117,-0.28363153,-1.1153886
817,14.145069,0.49563038,-0.5538416,-0.4172479,-0.524256
818,19.16252,1.8036494,3.6199968,-0.26463038,-0.895358
819,-9.299949,-0.18786834,0.90414506,-0.09990185,-0.14152765
82,9.043289,1.0713463,-1.1662939,0.4296996,-0.95279545
820,11.811125,-0.7678268,-1.2830237,-0.13257892,-0.21052678
821,-11.907869,0.06376998,0.41430402,-0.044258457,-0.041625332
822,21.394606,0.39547256,4.5514474,-0.15366833,-0.45786363
823,-11.955508,-0.15612979,0.38654435,-0.13633016,-0.12275903
824,-10.712723,0.11947287,0.2811977,0.100705035,0.0011878768
825,-5.827992,0.061907176,-1.1029674,-0.27952087,-0.01060117
826,-2.5878193,1.7064409,-0.8884203,0.16783427,-2.8834023
827,50.888718,0.3017028,12.559894,-4.8985434,-1.904559
828,-2.0195196,-1.2308125,-0.4769633,-0.15827248,0.13938853
829,-1.82011,-1.3132604,-0.15715231,-0.09622133,0.15642637
83,-8.876077,-0.6905434,0.108853154,0.24241866,-0.039509863
830,8.316502,-1.7928793,0.7251055,-1.0319078,0.65019387
831,0.79403603,-1.9479961,0.21463604,-0.15104114,0.14876647
832,10.85721,-1.6031379,-0.33753318,-0.26608747,0.8066282
833,8.337883,-1.1810595,-0.4951649,0.855976,0.6791136
834,12.207889,-2.6588776,-0.6365087,1.1862409,0.62540275
835,8.811756,-2.0126622,-1.0004421,0.31101096,0.91392034
836,6.5859904,-2.507742,0.4881552,1.0449964,0.14857957
837,9.195897,-1.3825346,-1.750229,0.22110456,0.9103917
838,5.6975985,1.174923,0.50615543,-0.63005733,0.29396486
839,-3.7517245,-0.32349834,0.6816506,0.11446297,-0.20308128
84,17.0875,-0.66543555,0.95067316,0.12970984,-0.58758986
840,6.6255026,-2.3939998,1.3286183,0.92665344,-0.17052451
841,-5.0601726,-0.1565156,-0.6113147,-0.3482641,0.19266391
842,4.0133624,-1.4433588,-1.289081,0.5266204,0.6263756
843,3.2207465,-1.6578639,0.37016433,1.5445939,0.86840826
844,62.695637,-1.4047122,6.4327407,-2.3056958,-2.538511
845,13.175128,2.5624974,1.6638631,-1.9021465,-1.0291188
846,-9.138072,-0.30449197,0.67342275,-0.20363715,-0.074394844
847,-10.190963,0.056126613,-0.036758777,-0.24283211,-0.039315775
848,-9.946385,-0.6463438,0.01600396,-0.013625321,0.002262468
849,-9.494828,-0.6061366,0.20735218,0.018063415,0.10342504
85,-9.529956,-0.5591766,0.0062895827,0.28138578,0.02128247
850,24.521729,-5.1041403,-1.2608447,1.5109392,-0.7930169
851,-7.6948724,-0.1225177,-0.61217546,0.25375077,-0.08218295
852,-11.162929,-0.0326803,0.33905908,0.1891857,-0.004672811
853,-8.785123,-0.18243742,0.14917918,-0.0041177766,-0.1029528
854,-6.8381133,-1.0564417,-0.6887426,0.4489094,-0.074633576
855,-6.8281903,0.05343023,1.0228126,-0.011733846,-0.2869722
856,2.7773752,-0.13666445,-1.2862841,-0.5811975,0.37373537
857,-11.758119,-0.19615227,0.45024043,-0.137646,-0.16594197
858,-9.818478,1.2916178,0.010420755,-0.7046654,-0.14710723
86,-9.525821,-0.024219718,-0.1770965,-0.26093608,-0.08746809
860,5.1339393,1.8273139,-0.5880516,1.4674933,-1.0555062
861,-5.057472,-0.9016527,1.762273,-0.75392467,-0.59545404
862,15.296808,-5.8166075,0.7218673,2.4891808,-1.5244352
863,6.670804,-1.6752107,0.085257895,-1.3622483,-0.6825342
864,-10.670762,-0.33009475,-0.1780125,0.003711052,-0.10374881
865,-4.3460984,-0.54442894,-1.0457581,-0.26463106,-0.06050682
866,4.7326365,-3.2723477,0.85907227,0.48238447,0.11040122
867,0.77868277,-0.40571934,1.8757291,-0.49562585,-0.20173869
868,2.440031,-2.2805042,-1.4935406,0.1642833,-0.07395251
869,12.822797,-3.6248846,1.7126923,1.8735539,0.1027137
87,-4.3071012,0.49488977,-0.7861188,-0.0688004,-0.58896387
870,18.217875,-2.5689082,-1.4007301,-0.23798822,0.98783404
871,-8.787043,-0.43351597,-0.15671255,-0.22224307,-0.03446747
872,-7.180158,-0.38961923,0.07298882,-0.377933,-0.039352328
873,-10.330059,-0.08864202,0.20423518,-0.11416764,0.007682705
874,-4.904305,0.21396123,0.9692899,-0.8582316,-0.48857537
875,-5.51805,-0.30265415,-0.64860266,-0.52198064,-0.07342084
876,-11.495589,-0.142664,0.2421718,-0.21865766,-0.077803835
877,-7.991791,-0.6249189,0.32603166,-0.239656,-0.073326334
878,-7.370169,0.008171593,-0.5873149,-0.19135228,-0.045286164
879,-10.092922,-0.11341575,0.10443335,-0.052594006,0.11700608
88,-8.49508,-0.23559794,-0.2149663,-0.21988404,0.011120836
880,40.22473,-3.295015,5.901874,-3.8918505,-0.4139572
881,38.682114,-1.5692707,5.3350816,-4.482093,-0.31888947
882,-6.275632,-0.31042936,-0.05712217,-0.65643775,0.03853971
883,-8.551839,-0.18184397,-0.09556474,-0.39213118,-0.1391126
884,-10.206997,-0.31116095,0.8098291,-0.22302066,-0.18813352
885,-7.897193,-0.5715615,0.118251964,-0.4341203,0.06422872
886,1.8095418,-0.43721113,1.7944934,-0.8243142,-0.41765258
887,-10.664711,0.25784034,0.41581574,-0.16506748,-0.002293903
888,26.421638,-1.1832131,0.22173922,-3.6628299,0.49382803
889,3.6458719,-1.9790992,0.14466366,0.08477792,-0.34897083
89,22.458748,-2.9794374,-1.1757462,1.3528191,-1.4492263
890,6.0562634,-0.83603406,-0.38077465,-0.7659211,0.024591738
891,-8.599497,-0.3676543,-0.3022334,-0.32642272,0.06237365
892,-8.565063,0.24138136,0.084361695,0.26923698,-0.45473552
893,-4.2440896,3.0267699,0.099892035,0.49948236,-1.5848128
894,2.0654943,2.3479974,-0.17482144,0.642357,-2.0551906
895,5.1324925,1.7595478,-2.0247765,-0.16070727,-0.09906639
896,4.8695526,4.0994163,-1.6148556,-0.07442819,-0.118893296
897,6.705324,5.5318832,-2.2500541,-0.110407606,0.039922893
898,6.654526,5.2992387,-1.7580279,0.051756427,0.036736723
899,8.220806,2.284382,-1.8243845,-0.2244337,-0.24485886
9,-8.229964,-0.3914621,-0.66369355,0.3435118,0.0016295719
90,-9.447358,0.38018963,0.40013653,-0.110656165,-0.047170386
900,7.979888,1.8324097,-1.952285,-0.27725512,-0.15924038
901,3.6180208,2.3188138,-1.8333199,0.028178385,0.08298721
902,4.2129316,2.4415338,-1.6840154,-0.01731399,-0.20682572
903,6.091626,1.9293582,-2.3090696,-0.18999574,0.1336435
904,29.793606,-10.406896,-2.660596,3.2863479,-0.10619115
905,-12.020408,-0.10355505,0.2909957,-0.08746656,-0.046316847
906,-12.769056,-0.055771142,0.37103793,-0.17308974,-0.11125205
907,-12.34017,-0.09959809,0.24492538,-0.20530608,-0.07421179
908,9.518302,3.336472,-1.5673902,-0.17284308,0.21801446
909,14.680872,3.185756,-1.8225983,0.3838321,0.26308343
91,-3.3587763,1.4150797,-0.16376375,-0.734297,-0.59076786
910,15.010951,3.3087838,-1.902763,0.32625327,0.3122252
911,11.486144,2.1977994,-1.2221715,0.72776216,-0.27373576
912,9.567876,3.0323262,-1.5726049,0.007550422,0.2533339
913,16.933838,3.7768292,-1.3280151,1.6535733,0.3819426
914,9.059341,2.0748153,-0.82052207,1.5219374,-0.05688388
915,-12.029699,-0.052685227,0.29092878,-0.16378832,-0.04992925
916,-6.9656367,0.20529267,-0.117602006,-0.06966316,0.22224012
917,-11.0653305,-0.021599717,0.12796248,-0.18448657,0.011298332
918,-7.358896,0.1551205,0.027120123,0.030753383,0.029757848
919,-6.552735,0.14774816,0.18716931,-0.039010584,-0.027600663
92,-5.7882137,0.21710138,-0.49906313,-0.1217108,-0.28727865
920,-2.64775,-0.2245415,0.14638436,0.11399168,0.3555552
921,-9.016431,-0.26348352,0.48257053,-0.10746721,-0.120575346
922,-0.59520507,-0.0647616,-0.9456685,-0.693317,0.07242428
923,16.72991,-0.63046473,1.9246002,-1.1966801,-0.78700507
924,11.811207,2.5314844,-0.9012262,0.67432946,0.89449847
925,13.884086,3.3090906,-0.84119797,1.8783985,0.46966234
926,16.734026,2.5772088,-1.1221265,0.9087449,-0.6040476
927,9.93333,1.7380291,-0.5117129,0.8255154,-0.4333404
928,30.9037,-3.9449959,4.669005,-2.8612773,-1.9741486
929,-3.6697147,-1.6337867,0.1352713,0.53724617,-0.49999645
93,14.539605,-0.6787712,1.0478891,0.008872051,-0.45009482
930,-12.596374,0.17186058,0.6332039,-0.06882434,-0.0668856
931,-1.7746305,-1.7316834,0.6777374,0.5886784,-0.063707165
932,-9.417304,-0.40260822,0.21090046,-0.03360281,-0.26687804
933,19.163399,-2.6236768,1.0369997,1.568271,-1.3913742
934,-3.510287,-0.20772827,1.9610838,-0.97325456,-0.72431386
935,-10.136474,-0.14223714,-0.091530085,-0.17978097,-0.049215138
936,-9.143866,-0.22659397,0.0487825,-0.14214398,-0.15773936
937,-10.058481,0.12393163,0.023524377,-0.3035397,0.016457902
938,-11.804491,-0.08700144,0.29479468,-0.18048666,-0.09524341
939,-11.297643,0.07281126,0.42571774,-0.22453856,-0.11360063
94,-8.177157,0.82271683,-0.049868666,-0.15319434,-0.18197227
940,-11.146434,-0.20867722,0.24597232,-0.20986277,-0.09627366
941,-11.928525,-0.10471562,0.27261618,-0.109698646,-0.07031404
942,-11.570741,-0.16244951,0.22338492,-0.20180504,-0.06768616
943,-10.142372,-0.10256784,0.3535446,-0.1823867,-0.084569775
944,-10.99305,-0.16393894,0.30461112,-0.24250656,-0.13558799
945,-12.235423,-0.06860986,0.41161296,-0.14228058,-0.12677209
946,-12.51833,-0.110000975,0.42443132,-0.14534692,-0.11775717
947,-12.514641,-0.22339058,0.34667972,-0.13646805,-0.08172921
948,-2.978499,-0.72507894,-0.33435717,-0.2832813,0.07059836
949,-6.015022,0.5898029,-0.65607387,0.26827466,-1.04896
95,-8.313102,0.68464196,-0.10029413,-0.11384772,-0.14129709
950,-11.276519,0.100475006,0.13739242,-0.19209066,-0.04672062
951,-3.7847106,-0.20974821,0.26945448,-0.0846713,-0.15791002
952,-13.096443,-0.06766218,0.3918134,-0.19787128,-0.14978994
953,-11.535068,0.14067645,0.24320754,-0.23498961,-0.18790771
954,-4.6953783,2.2748861,-0.6460534,0.18472585,-0.6539724
955,-6.033608,1.9891393,-0.91983616,-0.5334393,-0.7550517
956,-11.275992,0.23009962,0.15246622,-0.28628471,-0.05488554
957,-11.691817,0.12222044,0.34629062,-0.110408925,-0.05116957
958,-11.195151,-0.011093768,0.09958382,-0.09328952,-0.105156355
959,-12.382916,-0.037536874,0.3866689,-0.12593025,-0.10323371
96,-5.7964244,-0.056277264,-0.66783893,-0.13057594,-0.19826943
960,-11.760634,-0.13602147,0.19588083,-0.1053709,-0.07280224
961,-11.950739,0.10242964,0.38207313,-0.046525296,-0.10440428
962,-10.036576,0.1639042,-0.062347315,0.10816567,0.15353166
963,-5.9254045,0.6193784,-0.26438695,0.072481275,0.5186426
964,-12.029612,-0.13990177,0.42611188,-0.15739319,-0.13886207
965,-11.880493,-0.18510166,0.28956002,-0.08885449,-0.06934786
966,-7.7564654,-0.7984159,-0.19939893,0.301486,-0.5138371
967,5.279551,8.616784,5.055188,4.8254924,4.1887813
968,-4.6163626,-0.5360539,0.013559421,0.33952793,0.20651855
97,14.373365,-0.34524825,1.1329186,-0.07553117,-0.6134551
970,-11.21432,-0.023098562,0.11943594,-0.09825412,-0.10885952
971,-2.5256915,-0.5950428,0.0010876654,-0.013586261,-0.47852892
972,-3.0200927,-2.455494,-0.12900019,0.74984366,-0.73865837
973,-10.951187,-0.06990632,0.1254575,-0.18897755,-0.06685625
974,-9.083372,-0.59263647,0.1290137,0.18410558,-0.3239154
975,-11.539455,-0.18709865,0.49086064,-0.12239604,-0.14971004
976,-11.13833,-0.12878361,0.44792652,0.04173841,-0.1319883
977,24.296219,2.4399529,2.2493865,-1.5199645,-1.3455702
978,-12.98171,-0.011934793,0.37685323,-0.17620955,-0.14089055
979,-11.051548,-0.47598243,0.23938115,0.05192523,-0.109857745
98,-0.49774078,8.287007,6.411947,4.0152845,13.600657
980,-12.630167,-0.16404428,0.33572763,-0.2439616,-0.044559326
981,-3.1592052,-1.431121,-0.22365989,0.18136829,-0.22156914
982,2.1649415,-1.3185154,3.741702,-1.0919368,-1.0766028
983,-7.596345,-0.26131064,0.1574187,-0.34468234,-0.08248021
984,-5.9510603,-0.1606667,-0.21975708,-0.47828656,0.18205184
985,10.802351,-0.5795885,-2.3495088,-0.419383,0.7825239
986,-10.285448,-0.39329496,0.5588735,-0.20101276,-0.074217156
987,9.619801,-1.5482024,0.45292673,-0.0683231,0.5496036
988,15.865908,0.099735126,0.9827283,-0.594038,-0.504298
989,-9.476277,-0.0055433614,0.10595571,-0.20214657,-0.025931548
99,-7.7925596,-0.16904631,-0.0689083,-0.017091762,-0.15456147
990,-5.8107877,-1.3874518,-0.85494936,0.23831247,0.04075992
991,-12.170103,-0.14644754,0.3615484,-0.01547926,-0.09894509
992,-6.7003984,-0.8771247,-0.5249018,0.09029146,0.17061718
993,-9.701452,-0.60704434,0.3045343,-0.026405316,-0.015377577
994,-11.053641,-0.09386526,0.14927144,-0.063230164,0.04536791
995,-11.819033,-0.03450663,0.56627667,-0.10915143,0.0031038488
996,-11.787886,-0.11933275,0.28353596,-0.1841376,-0.06332119
997,-7.572489,-0.8560217,0.916594,-0.10655682,-0.059633408
998,-11.989199,-0.31332347,0.19834895,-0.2020646,-0.07270312
999,-10.9348,-0.30993253,0.43360093,-0.22227982,-0.0021792138
